dep_id,dep_name,master_name,slog
0,li10@gmail.com,1122689F,18925197150
1,jingyao@72.cn,8645813G,15633291278
2,nazhu@wanzou.cn,3795424r,15321855377
3,rqin@rr.cn,9220921H,18665734551
4,yan64@gmail.com,2842634S,13427381793
5,uwen@yahoo.com,5891105n,15976791274
6,min13@yahoo.com,9919150s,15018730689
7,shaolei@hotmail.com,3545125U,18107209782
8,jinxiulan@gmail.com,3525017X,14729352024
9,fanghou@gmail.com,3752936G,13277076864
10,songmin@minzhong.cn,6464361e,14588190509
11,lilin@jp.cn,8183127B,15128060153
12,yanwang@38.cn,4412134v,13885293635
13,chenli@hotmail.com,3668733J,15389282624
14,gbai@gmail.com,3678873Z,18571168116
15,guiyingren@62.cn,3729243t,15247903685
16,min89@dingzhong.cn,7929586A,13939899437
17,taodai@hotmail.com,4478916k,18534025661
18,gang76@ag.cn,3823965J,18046798922
19,ming53@junxiulan.cn,7013972d,15801993100
20,ping02@gmail.com,5558202e,15722759385
21,yxie@min.cn,158284J,15379441608
22,mingzhong@yahoo.com,925428h,13485353898
23,xia69@hotmail.com,8886099J,18159960308
24,gangxiong@yuanpeng.net,7386583s,18961846990
25,hzhao@gmail.com,8639164T,14526836553
26,guiyingyao@ye.net,1893207w,14509634979
27,li49@45.cn,583695t,13639496787
28,mofang@leili.cn,2796930n,18247307937
29,nazheng@renwen.cn,7548754U,13185086024
30,wenyan@hotmail.com,534689a,15627712801
31,haochao@yahoo.com,8098194W,15113366975
32,yang28@chaocao.cn,4907068m,13415084679
33,abai@gmail.com,1793819x,13010930405
34,xqiu@yahoo.com,3733528h,15803357454
35,jing15@yahoo.com,4062360V,13580877783
36,leilai@88.cn,1297653y,13282431205
37,dtan@hotmail.com,4566442Z,15184428554
38,guiying91@hotmail.com,9990064P,13075296578
39,xiuying54@hotmail.com,6652427z,14527725764
40,ujiang@yahoo.com,2182758E,15235867884
41,yonggong@02.cn,3214158u,13288493389
42,jiecao@gmail.com,6421375b,18600946329
43,ppan@jin.cn,6097905U,13925958353
44,leisun@yongxu.cn,8346376o,14508994551
45,yang78@liangmo.cn,9173835j,18680726173
46,na24@gmail.com,3370623y,18884882593
47,fang13@xiulanyu.cn,7690430z,15114315200
48,fengchao@gmail.com,6080968S,13523991927
49,fanjie@guiyingmo.cn,3918412I,14519198277
50,xxue@gmail.com,9889957o,14512691373
51,chenglei@xiuyingjie.org,2706080d,15289057132
52,fanghou@jiegang.cn,6734795m,13077659853
53,jie25@gang.org,3531346P,18730219991
54,guiying60@yahoo.com,2968215P,13497161255
55,shentao@gmail.com,2692378H,13703606984
56,qianna@yuan.cn,5658487L,15122251462
57,wangli@ra.cn,1833018e,15832214558
58,chaosong@jie.cn,9986194Z,18131985506
59,yong97@yahoo.com,8471319V,18009125690
60,xiaoyang@gmail.com,2230404V,15673031830
61,ping37@gmail.com,4766935w,13117855843
62,juanliang@21.net,2561822c,14571621233
63,juan37@xiulanjun.cn,3534526B,15512237624
64,molei@hotmail.com,3998109i,15511334513
65,taoxia@gmail.com,6893076o,15626358247
66,oqian@duan.cn,5361837l,18221704987
67,lsun@hotmail.com,2278102f,18551595049
68,qiangpeng@gmail.com,4434595G,13042836312
69,daijing@24.cn,6692575I,14547322094
70,bhuang@yahoo.com,3952616S,13564138646
71,jie99@gmail.com,9656779l,13135659569
72,juankang@sunhan.net,9363357a,15806403263
73,xiuying48@xf.cn,6317929p,13914001003
74,panlei@yin.cn,895298Q,13705972618
75,gang07@gmail.com,3021671y,15280702509
76,yangtao@gmail.com,8913129Y,18248333780
77,xiulanchen@hotmail.com,2460247m,14500231093
78,mingdai@gmail.com,3732700M,13454134720
79,xiuyingzhong@34.net,8919188V,18575790673
80,malei@yahoo.com,5367991f,13959757028
81,wangmin@mindu.cn,2684172n,13626148792
82,wanchao@yahoo.com,4607841k,18069627833
83,zye@yahoo.com,7616463J,13058742662
84,minglei@hotmail.com,894437L,15271740459
85,zsu@nana.cn,7919221Y,13821322494
86,kangxia@li.cn,2801196A,14739820457
87,wei07@29.com,6095642c,18635145567
88,dxia@62.org,5451580c,15906876830
89,yanhou@hotmail.com,8857230F,18117692921
90,xiulan81@yanyan.cn,6306557J,13186856253
91,fang98@hotmail.com,9278782O,18200472538
92,tshi@yahoo.com,4605512H,13643951768
93,junyi@hotmail.com,151760c,14522432772
94,fangwei@yan.cn,6752753u,13554459593
95,wuyong@xiuyingjun.cn,7136987m,13613770288
96,li83@gmail.com,9054897U,14595478338
97,xiuyingfeng@hotmail.com,2338080Y,15057323060
98,shenping@hotmail.com,6908535T,13641894732
99,xgao@hotmail.com,6480747D,15630223521
100,jing50@hotmail.com,2864993n,13164553547
101,cuijuan@xiajing.cn,4909488y,18101669795
102,xiulanye@gmail.com,7103523k,18625560543
103,vshi@26.cn,6806160g,18695768285
104,hjin@gmail.com,4206949B,13955041711
105,qianglu@hotmail.com,1881990B,15616894485
106,jie03@sundu.cn,5463276T,15509843875
107,yonghou@zhouzheng.cn,8266570G,15540747100
108,fang38@duanxiang.cn,3427512x,15760553986
109,hanmin@28.cn,3974087k,13281430448
110,nagu@gmail.com,6030411L,15962098624
111,baifang@hotmail.com,163385E,15212044440
112,ilong@ep.cn,4534277d,13624426812
113,sxiang@xucao.cn,3370499e,14556166811
114,jie48@yahoo.com,8250265O,13183013918
115,qiaoxiuying@hotmail.com,9830868e,13632992824
116,weilei@hotmail.com,2589192Z,13878088652
117,juan91@06.cn,73125u,15863591431
118,weisun@yahoo.com,9642940E,15370734141
119,weigu@gmail.com,6054875j,18744417736
120,taotao@gmail.com,8066473L,18891920784
121,yang89@hotmail.com,9963799U,14570995828
122,zwu@xiuying.cn,9712021k,18504452162
123,zhongyan@xe.cn,8640978L,14725357909
124,kjin@wan.cn,5083748M,15992347914
125,ming88@hotmail.com,2291161O,13017013582
126,xia63@hotmail.com,1026778q,13540946033
127,clai@gmail.com,5372181z,13478606014
128,ctian@yahoo.com,1136033T,13526988866
129,dailei@ad.cn,1436835B,13583036580
130,motao@gangming.org,6898737Z,13112146606
131,junmeng@yahoo.com,7141437t,13555276516
132,fanqiang@xiang.net,5124814G,13089347496
133,kongwei@taoliu.cn,533514m,13147876035
134,yijie@yahoo.com,911455c,15735225452
135,jshen@hotmail.com,6315408x,15735291265
136,junqin@caiguo.cn,2891002k,13086532649
137,baijing@gmail.com,7221482d,13946466950
138,yang17@74.cn,2929044i,13167112412
139,haojun@juan.cn,5619926G,18801938590
140,phou@yahoo.com,7908051P,15844463155
141,xiuying47@yahoo.com,1157069n,18169394007
142,xiuyingdong@gmail.com,9470737f,13452628998
143,wei63@pinggao.org,7759838t,15206336171
144,bluo@eq.cn,9181528s,15540990455
145,yuanjuan@86.cn,2700652O,18163762435
146,chao60@yankang.cn,7270441A,13258402647
147,juan15@xia.cn,4113131s,13411265603
148,xuechao@hotmail.com,9193419A,18093314666
149,jiangli@yang.cn,5987690z,13738972476
150,xiulanjiang@mb.cn,5899148p,13600451809
151,cyi@gmail.com,4493467N,18282504499
152,yanglin@gmail.com,5809435e,18172323884
153,xiazhang@yangping.cn,4430992H,13829566359
154,chengguiying@meng.net,6883505C,18237163241
155,weihe@fanfeng.net,1172585F,15186648133
156,qkang@guiying.cn,8434827z,18796237799
157,chengtao@jiedai.com,9957018v,15739659788
158,jliu@xue.cn,4030341u,13565356871
159,chaolong@hotmail.com,9032858I,15631636528
160,zhouna@61.cn,6493682j,15584902122
161,yanxiang@hotmail.com,671262C,18231287369
162,songjing@qiangming.cn,9861035F,18561695388
163,guiying61@hotmail.com,2233066d,15009175133
164,jiedeng@hotmail.com,5364182D,13647552508
165,lijin@yahoo.com,8675840c,18527752171
166,fangye@gmail.com,1512073A,13403804156
167,xiacui@wei.cn,5854139O,13469965258
168,limo@90.cn,6389576A,13241972336
169,ping02@xie.cn,6310167u,13126517635
170,hutao@xiulan.cn,6802879E,13375475697
171,gongyong@hotmail.com,6547907r,13357206831
172,qinping@minkang.cn,877707a,13691720968
173,junliang@xiuying.cn,756620x,13769708353
174,lihao@hotmail.com,4658815U,18754749215
175,eqian@80.org,1875652D,13694619923
176,fengjing@yahoo.com,5978944O,15961100005
177,juanduan@zeng.com,5241565b,18187487247
178,ljin@yahoo.com,8197595H,13474971375
179,vhao@81.cn,7101398H,18175347398
180,yong39@zheng.org,2367570l,18743300373
181,edeng@mx.cn,4851425n,13935733821
182,juanluo@gv.cn,9745677b,13186367422
183,min02@yahoo.com,5684650t,15380938473
184,ping60@taoshen.cn,1860431x,14516881222
185,jiangxiuying@gmail.com,8344807H,13489144194
186,qiangpan@mingang.net,8886801G,18135609031
187,min49@yahoo.com,4758506i,18601489863
188,ping05@84.net,5348981F,18992468120
189,xiejuan@yahoo.com,2299476v,15193078471
190,guofang@hotmail.com,1360570k,18758795692
191,linjie@hotmail.com,4514596l,18872320651
192,yangchen@na.cn,7028041a,15795312229
193,zhangyong@gmail.com,1881985B,15290779948
194,ksun@xia.com,3277237k,13462166543
195,iwan@gmail.com,8546183x,14591981881
196,vdong@zc.com,2163315J,18586250301
197,tcheng@94.cn,8276890F,18241569821
198,linjing@gmail.com,1649673d,14547305883
199,juankang@63.com,1662784C,15602209583
200,nlong@liu.cn,9184914m,18722318937
201,na15@xiuyingshi.cn,4219834S,18658136901
202,gaoxiuying@82.cn,2910942l,15563490279
203,mjia@yahoo.com,9806451S,13343263327
204,jingwan@yahoo.com,9155642M,18597610689
205,wenlei@wei.cn,3573354t,15616709562
206,cpeng@guzhang.net,3888112l,18654966389
207,minpeng@gmail.com,7413756Y,13276878512
208,qiang63@yang.cn,4756344v,13242094486
209,khe@yahoo.com,324071S,18558421451
210,yhe@yu.com,3252916p,13230165557
211,zhaoxiulan@junjin.cn,3868683P,18049546975
212,cmo@hotmail.com,3430880O,14725267819
213,yangxia@hotmail.com,8299719N,18290241574
214,guiying97@na.cn,1545072y,15258686017
215,li41@gmail.com,7681865W,13605012082
216,iyuan@gmail.com,6359074s,15232520649
217,rxiong@ro.net,8296723p,13446716274
218,li46@gmail.com,5971792i,18022216359
219,shiming@gmail.com,3933225b,13823251365
220,daifang@heyin.cn,7869913r,13397574894
221,gangtang@18.cn,1933911n,18253602318
222,leifang@66.cn,2910406T,18164213954
223,wangang@gmail.com,7214725E,15897454943
224,gangzhong@zhu.com,79663x,13120813467
225,wanwei@gmail.com,7673691y,18940497278
226,junliao@juan.cn,4133519Y,18711737774
227,wangxiuying@guiyingye.com,849889R,13794275323
228,ugao@junxiuying.cn,3442471o,13206165367
229,mincai@pingjun.com,1987812v,14589278138
230,uyi@gmail.com,3998229g,18510781327
231,leixu@yongyan.net,2020276l,13222928258
232,gang62@minhu.cn,3997975X,18581575605
233,guiyingzeng@yeye.net,8714671s,13677567692
234,jingqin@18.cn,2819685f,15074881128
235,maoyong@juanlei.cn,3400586l,15937522073
236,huangtao@ml.cn,2277643W,15850111972
237,hanyang@long.cn,9731434t,18991595628
238,guofang@94.cn,8300764T,15123116405
239,minxiong@lei.net,8200884u,13264468813
240,leihe@guiying.net,999477Q,13717872765
241,xiulan24@yahoo.com,93963T,18160047978
242,zchang@yahoo.com,1344660j,13243744739
243,bhe@yahoo.com,5211877K,15967366049
244,jing29@na.cn,9481829M,18290589926
245,pingliao@liaoluo.cn,9498502e,13480118164
246,denggang@fh.cn,4247664g,18526075432
247,zhengjun@yahoo.com,7895198w,13927539492
248,udeng@58.org,8027885U,18631090809
249,xuli@hotmail.com,1305171E,15540389887
250,fanlei@hotmail.com,7787262t,18970109248
251,lidai@gmail.com,9795428h,13314022103
252,sshen@yahoo.com,3207185P,13424148601
253,haoqiang@32.org,9296901p,13967109061
254,haowei@hotmail.com,6189301r,15105404137
255,gwu@jieqiang.cn,5112800q,14721644517
256,xiulanliang@xiuyingyang.cn,7037781C,15025014452
257,xiulan91@gu.cn,6848131T,15856659322
258,xiuying02@hotmail.com,4777283t,15007053493
259,gang24@tian.cn,3240238r,13150124621
260,juanguo@yahoo.com,4201036E,15530946269
261,qianping@guiying.cn,920295X,14591187913
262,xiulan82@gmail.com,4762981t,13834122097
263,xiuying97@24.org,9037756S,18090499092
264,ntang@hotmail.com,7544170S,13927074958
265,fangzeng@kangyu.cn,840866p,15596071000
266,gangcai@liaoliu.cn,417583y,15239357781
267,yongyu@lei.net,3776070p,15324170940
268,etang@xiuyingna.org,4533428i,13568451183
269,minliao@hotmail.com,9873132I,15551711973
270,guiying17@li.com,8923942N,13721985276
271,chaotian@qian.cn,8892206N,13858007202
272,xiuyingcui@gmail.com,6548910K,13020620282
273,jungu@12.net,4014806C,18003903846
274,yuanyan@hotmail.com,8665393R,14572715086
275,li84@yahoo.com,1309348D,18855984908
276,dumin@gmail.com,3138500u,13118659898
277,yanqiu@hotmail.com,4728745V,18275432979
278,mingqiu@gmail.com,6400600c,18956239611
279,xieyang@gmail.com,9444505o,14528676643
280,yancui@hotmail.com,6082183o,13756378789
281,fuguiying@hotmail.com,7904552o,13665068702
282,chaoli@mingwu.org,570801t,13998673962
283,yanjing@gangdai.cn,6752584B,18047061509
284,fengxiulan@vr.com,7112360Y,15191247320
285,qshi@gmail.com,1028796S,13327241266
286,wzhao@hotmail.com,1912465J,18119257079
287,min50@weina.cn,5815582v,13986435135
288,hlei@yahoo.com,3962217M,13390972405
289,chaosong@guiying.cn,4934456b,15867354241
290,guiyingyao@juan.cn,2753089T,13585202751
291,xiuyingcheng@liao.cn,9432552G,18083212027
292,cyi@hotmail.com,7829112n,18192086793
293,yan09@penghan.cn,91529q,15351129714
294,emo@64.com,2515585I,13568612176
295,qinxia@luojin.cn,4559078X,18932927986
296,dengxiuying@gmail.com,5264330X,15807567425
297,dyan@mingzhu.net,9330314Y,13537157677
298,juanchen@jingli.cn,9814868j,13320579818
299,bguo@gmail.com,6005808g,13150433862
300,taodong@39.cn,2621450X,15530450233
301,gangxia@weilong.net,2060294v,15874223712
302,ming08@hotmail.com,6864698K,18145817539
303,qiangxiang@gmail.com,5654081s,18013452452
304,guoxiulan@hotmail.com,6269936C,18268177664
305,jingwei@hotmail.com,5552763l,15035182834
306,jing33@xiamin.cn,7147945l,15137800512
307,yang19@46.cn,9185476g,13479717665
308,lcui@ren.cn,4522376o,13546979978
309,pingqiao@yahoo.com,1309221o,13433526242
310,fangxiong@gmail.com,3015205s,13993414599
311,weilei@hotmail.com,6898796n,13620987825
312,guiying32@gmail.com,8868924g,18889804933
313,guiyingbai@yahoo.com,5684516k,18164774845
314,minfeng@liu.cn,4701735L,18525176124
315,fbai@leiming.cn,7084248j,13193189521
316,jcai@yahoo.com,1922946f,13159301098
317,duna@yahoo.com,6947980B,15028274223
318,laiwei@48.net,85328X,13547315396
319,fluo@yahoo.com,2097108R,18801067265
320,heyong@yahoo.com,5222287G,15841386083
321,jinggong@yahoo.com,7777643p,13565698557
322,laitao@hotmail.com,7126806T,14794597591
323,kongjie@lr.cn,8962587Z,15756076824
324,ychang@ping.com,8613974V,18644029523
325,axiang@68.cn,598656g,18920386442
326,gangjia@gmail.com,2007530p,18797106924
327,huguiying@weixiuying.cn,4880094g,15295009773
328,fang43@hotmail.com,6407533S,15000385023
329,tao25@hotmail.com,3932508r,15941541271
330,gyu@hotmail.com,7936151p,13134768367
331,dli@zhouhao.org,4876569P,18067183846
332,zhouchao@wei.com,4702771D,15094833259
333,mshao@chengwen.cn,7000257h,18775964802
334,na81@hotmail.com,6295653q,15366943050
335,duguiying@hotmail.com,7840571w,13241534873
336,yangzhong@eh.cn,4893357A,13027326219
337,nawei@guiyingmo.cn,192854L,18947233324
338,qcheng@yahoo.com,1777879i,18770652313
339,xia41@xiaqiao.cn,7241846N,18730460468
340,taopeng@hotmail.com,7648929v,13774380562
341,jing46@yahoo.com,1618541q,13278989856
342,pfan@yangxiao.org,1409874u,18126870600
343,juan81@yahoo.com,2787625G,13789244661
344,taoma@xiali.cn,2658863m,14506014974
345,nacao@pengzhu.net,7552864w,14591408772
346,jun61@yahoo.com,8652937o,14569736843
347,junlei@gmail.com,1640723n,18595474001
348,laiping@gmail.com,5093576O,18880713774
349,na92@xiuying.cn,4092529e,15656723448
350,wei12@ducheng.cn,1096822w,15986209931
351,yanzhu@ib.cn,2908297e,13199852488
352,wanxiuying@min.cn,1739834X,13625530400
353,ping35@yahoo.com,3194762S,14769372541
354,xiuyingqin@hotmail.com,2024219S,15131761034
355,ewang@gmail.com,9046934v,15622968449
356,jingwei@gmail.com,6401292s,15034550602
357,fanxia@gmail.com,6120797z,15041880427
358,min09@yahoo.com,3361388n,15148385138
359,uli@chaoli.cn,1190777S,15093723131
360,ehuang@madeng.cn,1414569Y,18216702524
361,fangzhu@gmail.com,6508341L,13866993157
362,chaotang@gmail.com,9073018A,13939174032
363,min39@03.cn,211533b,14718998567
364,nawang@nagong.cn,6531421I,18868833349
365,lqiao@yahoo.com,4436735D,14586518455
366,ping53@yuzeng.cn,9753486U,15121180335
367,zyi@gmail.com,6779917O,15146261210
368,duanyan@yi.cn,9803548K,18133712709
369,yongwan@gmail.com,1833756J,13097505800
370,xhan@hotmail.com,3197951O,15869239635
371,guiying27@46.com,218491E,13908710157
372,wanwei@gmail.com,5822924I,13803661791
373,yiqiang@tang.cn,8341401V,13145633341
374,qinxiulan@jinhuang.cn,7716004H,13699824128
375,xiulancheng@han.cn,2068428N,13238563324
376,guiyinghu@yahoo.com,8763035K,15070758709
377,liqiu@gmail.com,4861775Q,15760474114
378,baiping@mingguiying.cn,2085725O,15333377519
379,gangluo@limo.cn,6568444w,13945249320
380,gangwang@yahoo.com,3675857K,18854671512
381,mingli@gmail.com,291451G,13998517498
382,sli@wang.cn,3555215l,18273743599
383,byin@dinglong.org,7037628c,18044626556
384,lei55@qy.cn,5940928p,18553740602
385,xiangming@yahoo.com,9818122W,13098732898
386,uyu@hotmail.com,3758384k,14579440616
387,jie91@gmail.com,8104651b,15559150830
388,jqiao@96.org,7065733V,15961187191
389,xfan@yicheng.cn,4278593s,18713701937
390,baixia@jg.cn,6919991h,18059099700
391,yong61@na.com,4921686N,18064529565
392,jiangfang@hotmail.com,4879716X,15747570456
393,tao37@hotmail.com,5497819d,14727303375
394,oxia@gangli.cn,2889362u,14505591121
395,ming38@16.cn,580284k,15703428177
396,lwen@hotmail.com,3102687H,18677977506
397,czou@pingguiying.org,3624930h,14726043014
398,pingzhu@gmail.com,530580z,14712856128
399,jinjuan@gmail.com,6722984N,13720321589
400,jing11@yanping.cn,6446787b,15194143181
401,chenyang@qianghe.cn,4940438F,15316322579
402,vfeng@lg.com,3996939H,13734575884
403,fanghao@76.cn,4536336s,18923878411
404,bdong@mingtang.cn,5726844A,15096558662
405,dlong@gmail.com,141964B,15158805666
406,yonghe@luodai.net,5193059d,18237762377
407,zlu@hotmail.com,9385795s,15371550010
408,gangsong@gmail.com,5706677F,15159972827
409,dongming@xiulanxiuying.com,867768V,14564357259
410,zhangna@duanhan.org,7881188Q,15221681781
411,minghou@yangyang.com,7115245M,13917048365
412,linxiulan@av.cn,9469688L,13647342177
413,gangmao@gmail.com,2215824z,13960005899
414,llin@taojing.cn,3559456H,13281747897
415,xiulanhou@yahoo.com,6320616O,13815581871
416,jie09@hotmail.com,3603326N,13234278037
417,jingtan@xia.net,5076946v,18560572296
418,pmeng@ti.cn,7691287n,15649156696
419,leihan@nayan.cn,342756V,18161514838
420,penglei@94.com,7416189F,18542512418
421,yanghuang@yahoo.com,4859890t,15318053569
422,jinjun@hotmail.com,3955185J,13103169599
423,uhuang@qiu.cn,3113804u,13936981969
424,fang37@yahoo.com,8033517f,15775772546
425,ming62@14.cn,2139076J,18547705365
426,mincai@gmail.com,9695268z,18018855710
427,xiulanliu@xiacai.cn,4132688p,18667071206
428,jie21@gmail.com,9792692I,15179554224
429,zhongwei@ng.cn,915646R,13916152723
430,xiulanmao@jiangjin.cn,5962259A,14526548120
431,ping89@yahoo.com,734056t,18048539528
432,yan82@xw.cn,1382270G,18773212821
433,tao01@gmail.com,1988038x,15940936215
434,xiejun@rn.cn,5634599E,14536982270
435,qinwei@gmail.com,4676150O,15168874952
436,jie79@gmail.com,2655550o,15674267110
437,chao52@juanlei.org,8976032F,18700047812
438,pingchen@gmail.com,5105269Q,13396806077
439,yong72@sunwei.cn,9378628A,13363704019
440,taoqiao@gmail.com,1976330n,14510763115
441,eyang@yd.cn,6492928K,13805099277
442,aliu@hotmail.com,3360366P,18012063503
443,yangmo@yanghan.cn,967051G,18663429097
444,fyu@gmail.com,2671187r,13051156524
445,ezhang@weifu.cn,5296103d,13107897420
446,ohe@weidai.cn,4335794i,18977648782
447,qiang33@dongyan.cn,3090599V,18857792206
448,taojun@41.cn,8166556W,13268304322
449,minma@hu.cn,9207938Y,18769795006
450,nsun@deng.cn,9716561b,18118700728
451,maoli@hotmail.com,8554244K,14582484594
452,jun69@yahoo.com,8607933C,15830788068
453,stan@mingyao.cn,4474180h,18589115151
454,xiulan46@hf.cn,7818397f,18084086807
455,che@yahoo.com,665269x,18024234794
456,taoxie@xia.cn,9217408Q,14744492854
457,weima@hotmail.com,1853190R,14533550366
458,yong53@gmail.com,9291109X,15960790074
459,pwen@hotmail.com,5888333E,13309179600
460,yxue@yahoo.com,5732823p,18167662131
461,jing78@hou.cn,9123315H,14527507617
462,lei25@hotmail.com,710595d,15758791432
463,kwu@yanmeng.cn,5294895H,14583436296
464,wei81@qiang.cn,4691153b,18098542947
465,xiulan18@gmail.com,9231933z,13041906983
466,li13@yahoo.com,915397p,13720392404
467,wei53@hotmail.com,5091144O,13222640388
468,fanjing@yahoo.com,2420828q,15528165220
469,fhu@hufan.cn,7695579a,18026876908
470,guiying29@taolai.cn,5976878c,18115526537
471,btang@gmail.com,4999410M,13943831113
472,juan89@fangmin.cn,6152957l,13497972225
473,taokang@hotmail.com,7451318E,15586809209
474,wanmin@gang.cn,1010612p,15816725080
475,cxu@oc.cn,9452234n,15817804656
476,yongzhao@yahoo.com,9114611Q,15530823392
477,yangyang@hao.cn,4521274F,15697186096
478,opan@gmail.com,12977v,14565207274
479,jingqian@hotmail.com,5807826m,18505829997
480,nfeng@yuan.cn,4965272L,15132531933
481,chao14@gmail.com,7228246S,18843377058
482,izhang@gmail.com,7420410q,13175818150
483,hding@su.cn,2429144Z,18078452454
484,fangcheng@hotmail.com,3752478G,18274512722
485,wei47@lei.cn,7286620n,18157806985
486,ncui@shenye.com,4582371D,15668492918
487,gxu@yang.cn,3503835v,13006479645
488,fang82@gmail.com,4623913v,13065092579
489,dshi@pengcui.cn,5325037k,13504533513
490,xiongyang@li.cn,9590224e,15249652574
491,yinxiulan@hotmail.com,4949928V,18671445643
492,mqian@yahoo.com,5759045U,15051229401
493,wshao@xiaxiulan.cn,3709845u,13671183519
494,nyuan@juan.cn,8232794J,18160425548
495,hanxiuying@40.cn,8802926Z,13222109997
496,yzhu@hotmail.com,6042998f,13272863014
497,yangjin@min.cn,5285508m,13921268783
498,chentao@lichao.cn,770323g,14589926136
499,fujing@dengyi.net,1442319G,13443796057
500,jieqin@hotmail.com,854844i,13465430472
501,xiaona@gmail.com,5032969D,18008755072
502,haoguiying@xia.cn,6572774s,13995527751
503,haochao@hotmail.com,3307204T,14701662846
504,kzhong@gmail.com,7146409J,15234905094
505,nyu@yan.cn,8993492f,15584632896
506,gongyan@zhu.cn,6681658T,15169934632
507,idu@nahou.cn,3982311q,15810609119
508,lizhu@hotmail.com,2544941j,14537049102
509,kjin@yahoo.com,9482114c,15180135169
510,momin@yahoo.com,2357523S,15246768418
511,mingpeng@72.cn,5407653v,15650440079
512,wenjie@gmail.com,9311848N,13048419594
513,xiapeng@yangqiang.cn,9955381M,15277148799
514,mayong@gangtang.cn,410030G,14781498855
515,cye@gmail.com,8873451K,15739437014
516,cjia@hotmail.com,633072I,15325740368
517,qiangtao@qian.net,653382X,18557737190
518,kzheng@shenwen.cn,6258831t,13642756061
519,pingqiao@gmail.com,8391546z,15263372734
520,yxiang@yahoo.com,7158752M,18676587214
521,uguo@xie.org,4804110q,15083221000
522,chao81@yahoo.com,2624053c,18202020577
523,fang22@jie.cn,2491296v,13019656043
524,tao12@aq.cn,691413g,15841643028
525,leicao@yangxia.cn,4488173C,14544663042
526,li40@xk.cn,8255491D,15785654806
527,xia24@gmail.com,3016835U,18910525385
528,wenyang@qiangguiying.cn,1177756m,13995160860
529,yinlei@yahoo.com,865882Z,18863221968
530,gang13@jie.net,4592561l,14763743673
531,guiying70@yahoo.com,9024449N,14521207945
532,xiuying38@gmail.com,6452874B,13451343339
533,jwen@hotmail.com,3432212B,18560918142
534,junshi@43.cn,2156845S,15922031226
535,ishen@chaoyu.net,2722022R,15678780786
536,xiashi@gmail.com,7779913E,13352893107
537,mingjia@hotmail.com,3803443w,13781101129
538,yong34@gmail.com,9750699L,18500463320
539,ldu@yi.cn,7913667F,14706433306
540,yaoyong@fanghe.cn,922320v,18847070060
541,tao44@tiansong.cn,6221455e,13297187309
542,chaoren@qiangxu.com,2231757w,15570686774
543,vlei@chaoxia.cn,5368630a,13215024199
544,mhe@gmail.com,1222000I,13942014912
545,jing28@tao.cn,3503954M,13140107029
546,lduan@hotmail.com,9202465g,18848479349
547,mwen@yahoo.com,9555313x,15392524227
548,magang@minliang.cn,9870990x,13620759265
549,xiashao@chao.cn,2782956X,15900618622
550,qiangkang@tan.cn,4358083i,13809934298
551,tyin@yahoo.com,6437786U,13584975577
552,lyin@zhang.cn,5839660U,15272813417
553,wangjuan@zouzhou.cn,1445776q,13320131040
554,ming94@ij.net,9432648H,13417614459
555,luojun@yahoo.com,3205612x,15049037552
556,ixie@gmail.com,9527156F,13894590298
557,mona@zhushi.com,4268919v,15182054916
558,csu@fangfang.cn,3482675h,15079302671
559,yanmeng@leijun.cn,6610839d,18571614098
560,htian@gmail.com,3609357y,15780137469
561,baifang@juncai.cn,3247902K,13475762386
562,na17@gmail.com,4703870n,13423121084
563,xueyang@jingmin.cn,2756272n,13606474885
564,klu@gmail.com,2026700H,14513393611
565,gaoyong@vw.cn,8626201B,14589584558
566,nahuang@91.net,560347r,18698685314
567,zhanggang@tan.cn,4964547S,13562406332
568,taoyang@gmail.com,3914851K,15762683718
569,nasu@gmail.com,1849944W,15663627517
570,yang18@jingxiong.cn,5134641o,15990744358
571,min28@hotmail.com,4797102s,15584193418
572,wshen@gmail.com,6730647S,15907132067
573,ulong@hotmail.com,7016703V,18872322700
574,vmao@kd.cn,3868353O,18858573579
575,yangyong@yahoo.com,9759395O,18998654053
576,isong@zhonggao.cn,524814P,15351265505
577,fyan@gangpan.cn,563221q,13370244610
578,shilei@xiasun.cn,792990r,15009709630
579,jiangtao@55.cn,9329357g,15332771949
580,ajia@gmail.com,9998913I,18290750917
581,vxiang@mingyong.net,7334347f,15897804103
582,huangguiying@gmail.com,7941517j,18141387971
583,yuxiuying@guiying.cn,6717544N,15028400546
584,uqin@gmail.com,635110j,15293891180
585,juanxiong@yanjing.cn,7172102p,14586454552
586,xiuying89@hotmail.com,3156021C,13125612887
587,weifu@hotmail.com,991588S,18106857620
588,juanhan@gmail.com,8938197s,18945465498
589,juantao@juanjie.cn,3282796g,13187412030
590,mtian@mingyan.cn,1448160f,14715220958
591,tangang@gmail.com,5236119n,13050762947
592,yong99@maxie.org,3570582e,15833729764
593,sutao@ren.cn,4464235Y,13956128362
594,pinghuang@yanshao.org,9380838j,15336902997
595,haoqiang@ren.cn,6575452v,15227732703
596,xiulanding@ding.net,723938S,13720619717
597,jiefang@hotmail.com,6520536s,14588452576
598,jie68@30.cn,2432638e,15972180317
599,ming73@gmail.com,4582601l,13131605619
600,xieyong@gmail.com,3611042q,13961487739
601,kzheng@jingjun.cn,7766553K,14515629041
602,fsun@02.cn,1920313D,13296552310
603,fxue@yahoo.com,1347686Z,18854014406
604,qiang39@haohu.net,3676055c,18747961544
605,longlei@shaoxie.net,1210113y,13452388424
606,juanwan@gmail.com,9445975S,15340418205
607,kmeng@09.cn,6543672y,13894881122
608,gsu@gmail.com,188677I,15814085915
609,wei18@yahoo.com,3025347u,14598737941
610,zhanggang@minkang.cn,7774060t,18656679423
611,pfu@yahoo.com,3723983B,15808467881
612,linlei@xia.cn,8433107n,14509018957
613,fangwu@hotmail.com,8885566e,15789529325
614,weiqiao@gmail.com,4356089i,15105564908
615,ilei@nana.net,7888866i,13899958836
616,fang16@gmail.com,2886859i,18686923054
617,ushi@yahoo.com,4874715D,18732337326
618,yan00@yangna.cn,1155396J,18116617451
619,xuchao@yahoo.com,7063983T,18640138266
620,guiyinglai@liuhu.cn,7595769u,18563186340
621,renlei@yiliang.cn,8117506I,18143472194
622,yansun@pan.cn,6061446O,13613027521
623,huna@hotmail.com,2956919P,14516886845
624,yanjiang@lx.cn,5485662H,18542545367
625,tao81@yahoo.com,7480829D,13722847775
626,hqin@lei.cn,4568767i,14560431417
627,jiehan@lei.cn,7187443K,18541239185
628,maomin@gmail.com,126627w,15197169544
629,chaozeng@hotmail.com,3219545S,13499139579
630,pli@xia.cn,9721503B,13743968333
631,xiayang@yahoo.com,5443451c,18655951479
632,na02@zhang.cn,7987660F,15346399945
633,xiuyinggong@lei.org,6076360N,14558891210
634,oyang@59.com,9233444c,15342592403
635,qianlei@05.cn,6640247G,13177892706
636,yong51@pm.net,3317778I,15131663343
637,qhe@gmail.com,2212960G,18016127279
638,dcao@hotmail.com,939268B,18884592856
639,xhuang@na.cn,1116698y,13535468849
640,rsong@hotmail.com,1357013d,13654780947
641,xsun@gmail.com,5548925C,13321875747
642,luli@yahoo.com,1115667C,15023886868
643,fanghan@wei.cn,7468863s,13286751261
644,maochao@xiulan.cn,6365422D,13913746270
645,xiangguiying@gmail.com,6965639m,13067015798
646,jinwei@64.cn,9245521S,13741051841
647,luping@gmail.com,221432x,13113915540
648,nahe@hotmail.com,7422010d,13633696741
649,yang88@yanduan.cn,3766319z,18799819262
650,dzhao@xiao.cn,6732430J,15609379447
651,xiulan32@xiuyingchao.cn,130343u,14779508684
652,weiliang@66.cn,5309262j,14521260027
653,mingdai@ch.cn,4106242S,15163870173
654,bguo@yahoo.com,7623948d,18173780832
655,yan99@19.cn,2328815e,13209807934
656,nyi@hf.cn,2459741f,18909021888
657,qiuming@gmail.com,4888055Q,18648082107
658,gangjin@yongwang.net,9344936n,13045084926
659,pinggong@gmail.com,9518748N,18905778197
660,dongjie@hotmail.com,516948R,13026018205
661,heming@li.cn,9962257A,15567721338
662,zouping@yahoo.com,3907776X,15864569519
663,ming19@ming.cn,1093779X,18986588252
664,zhangxia@hotmail.com,3090194H,18036345607
665,qiang01@gmail.com,4123742F,18590415077
666,xiuyingsong@gmail.com,1043616i,13033436047
667,hgao@jiewei.cn,2381737F,18571858211
668,konglei@qiaoqiao.com,3044517e,13761205096
669,zhuqiang@hotmail.com,9260783q,13791481759
670,yong58@yang.cn,7482607K,13905788701
671,xia51@yansong.cn,3778951g,13587064685
672,guiyingzhong@04.cn,8217713g,14598299282
673,xiawei@gmail.com,5724142B,15171242427
674,guomin@chao.cn,6650159S,14588742832
675,leiyong@of.cn,8259280R,13552336994
676,jiehu@hotmail.com,2849210l,15183733174
677,guiying70@duancai.cn,9727267q,18782786711
678,xiuying73@wr.cn,2739269B,14515276266
679,yan13@tianmao.cn,8591448z,13135440060
680,yanggang@wh.cn,317021Z,18708846141
681,rchang@yang.cn,4431984E,18867282098
682,jiemao@fancheng.cn,8854034l,13135053751
683,wmo@hotmail.com,9412423o,13829464003
684,yuyang@na.cn,6488790D,15583659796
685,qxiong@dengcao.cn,9034802f,13620963301
686,ddeng@pp.cn,4463614G,18085502523
687,bfan@hotmail.com,3723523o,14582779711
688,xia64@wumo.cn,7431376I,15783123527
689,qxiong@yahoo.com,490914m,18644901630
690,ohao@hotmail.com,3203043M,18704239613
691,mren@gmail.com,7769130i,15841167555
692,guiying60@kj.cn,3954969x,13587424585
693,lgong@03.cn,5213933F,13778273547
694,pye@gmail.com,4944010k,13128288108
695,xia03@yahoo.com,9478377X,15868740885
696,fang37@xiuyingfang.cn,2046808i,18689741054
697,mengxia@yahoo.com,4075089K,15579218308
698,xiangchao@gk.cn,6162337p,13208958397
699,dchen@zouxiao.cn,7227528s,13598331275
700,zhuyang@guiying.net,7427034L,13067879220
701,zma@hotmail.com,6432764G,15026226866
702,hchen@46.cn,781894g,14580570331
703,duanxia@gmail.com,7888045d,18655030440
704,kongyong@yahoo.com,5516567o,18262975985
705,yongyuan@gmail.com,6799769O,18055384959
706,wangli@24.cn,7826874D,15548651884
707,zhaojun@gmail.com,705504J,18172854439
708,wgu@79.org,6381769Y,14780600020
709,weiyu@hotmail.com,4781855b,13115194853
710,ming74@gmail.com,8378341x,13055047790
711,mtian@gmail.com,3615038E,14549026675
712,kangwei@uv.cn,1300825q,14573360984
713,yangzheng@hotmail.com,5242347q,13509004469
714,guyong@00.cn,8833712N,13608907511
715,jiehu@yahoo.com,2615850Z,15315288260
716,hwan@yahoo.com,5203025e,18084614782
717,fengyong@gmail.com,254914Q,13757071253
718,ming04@kd.cn,941548I,13741238084
719,xiuyingchang@gmail.com,7548396L,18806001286
720,jiewei@hotmail.com,3850654c,18788361927
721,xiuyingtao@fang.cn,6662346W,18248701208
722,min71@duanfu.cn,2241787w,15238144515
723,xxu@pinglei.cn,4861893y,18293722107
724,shenyang@gmail.com,5737914E,13282025069
725,yaomin@yahoo.com,2304307w,13529623139
726,wei38@fangchao.cn,9346496g,13275156420
727,juanli@yahoo.com,2552188j,15726275101
728,maoqiang@yahoo.com,6529506A,14738167510
729,min47@gmail.com,5106721o,15076787042
730,huangmin@yahoo.com,6918268W,15901097563
731,chaolei@yahoo.com,7954534F,13058013932
732,mingchang@fangqiu.cn,64940U,15671281018
733,yongsong@junwei.cn,9473869E,15985543759
734,yemin@hotmail.com,3648783o,13851381900
735,jing00@zengliao.cn,4190689E,13265124012
736,npeng@45.net,2805772l,13094800170
737,shiwei@ren.cn,7228550g,15786466398
738,yong76@ef.cn,2299947q,18987111536
739,nchang@taodu.cn,8347443y,18834418622
740,jiayong@57.com,1118986k,18256495850
741,ushao@gmail.com,8260272C,13924885237
742,li39@yahoo.com,5443500E,15774838801
743,jliao@yahoo.com,5634550y,13314712168
744,ryan@hanhuang.net,7073098r,13919835650
745,gshi@hotmail.com,7480029D,15098644005
746,amao@ganghe.cn,9334597y,18932281179
747,xiuyingcai@do.cn,8418701Z,13005709910
748,luoyan@gmail.com,3749836p,13186838577
749,xcui@20.net,5117779j,18821995234
750,qxu@60.cn,9909735L,15800717766
751,mengping@gmail.com,4678270J,18799946093
752,taojin@yahoo.com,415796o,18829476078
753,fyi@chang.cn,4094688v,13002086406
754,jie71@zeng.net,4837720i,13404736188
755,hfan@gmail.com,91347o,15216972550
756,ping51@ak.cn,7955644l,13542315520
757,gang62@yahoo.com,5218342L,14509637401
758,yangyao@chao.cn,2049986t,13597201840
759,weijin@naxiao.cn,7955643w,13253584748
760,kshen@hotmail.com,5974018e,13528821990
761,rye@jinggong.cn,8052623t,15079334376
762,fangjin@yahoo.com,545454x,15728869065
763,yongjin@yahoo.com,2978512Q,13468113856
764,cuixiuying@xiulan.cn,1508577b,13048120038
765,xiaofang@wei.cn,8732337u,15821659000
766,leijie@yahoo.com,4010335n,15641680736
767,mingshen@yahoo.com,7830065l,13140349635
768,yjia@xiang.net,2904515d,15794488823
769,tianjie@gmail.com,1996030l,15636945742
770,zhaochao@gmail.com,4900415t,15575043262
771,luqiang@tao.cn,4540625K,14518753503
772,qiangfan@ping.cn,4576681Q,14505104815
773,daitao@gmail.com,5808713z,18022137327
774,yewei@gmail.com,979502x,18123366526
775,wantao@caiguo.cn,422707E,18610770232
776,gang55@27.net,9468134a,18085056301
777,fangtan@kn.cn,6843919a,18629247607
778,ming14@gong.cn,9388665o,13460536997
779,jingjin@mq.net,652878d,15088291249
780,jun37@gmail.com,4249663W,18255301566
781,lfang@yahoo.com,37426j,15341758673
782,heming@gmail.com,2761367Z,13441582086
783,xiuying77@yahoo.com,3859300s,18788389133
784,weitao@hotmail.com,1671462D,14524132877
785,jieyao@44.net,1876596z,13161452077
786,qqiu@qiangxiuying.net,7577877c,13396891267
787,chaozhu@yihe.cn,1922818k,13924903345
788,gcheng@jt.cn,1780328p,13243957511
789,jhan@hotmail.com,3131816m,13989318680
790,mwan@hotmail.com,9695681h,18279914335
791,shigang@yahoo.com,2989728a,18123688060
792,mdeng@zhoukang.cn,6696925b,14561695911
793,xiuying14@yahoo.com,9913702z,13980683008
794,ping83@hotmail.com,3679066M,18515448746
795,wugang@du.cn,8032252q,15601612025
796,kshi@jing.com,570826S,15611355120
797,ushao@hotmail.com,4339701W,13396730029
798,dengping@songchen.com,5117633G,15044696658
799,xiulan12@lailin.cn,5699093d,15326854647
800,suyong@yahoo.com,5186056q,15365919789
801,xuegang@zb.cn,3555230b,18254727192
802,klin@gmail.com,1779950t,13619052023
803,aqiu@hotmail.com,1772584h,15183095431
804,qiangdong@41.net,4337310H,15684606803
805,xding@ms.cn,1464405r,18534539676
806,wei49@xialin.cn,5465035Z,18254042550
807,ganglin@qiang.cn,5008688n,18837588940
808,wanming@zheng.cn,7796906q,15089308073
809,wumin@yahoo.com,1507712H,18866965637
810,dxiong@yahoo.com,8561290L,13425634099
811,dongguiying@qiao.cn,6805639f,13983922515
812,zoufang@gmail.com,3339519a,13634467078
813,mingbai@ig.cn,7704985o,13573297080
814,yan78@yahoo.com,2949914n,14557980753
815,yang07@yahoo.com,5613979N,15879636791
816,weiming@hotmail.com,156143j,18650302386
817,yangyang@gmail.com,5147702O,13738478714
818,qgu@gmail.com,2380771F,15903768744
819,kanggang@71.cn,698827S,15574250970
820,jing06@xh.cn,7544142S,13405390639
821,ayao@yahoo.com,9248969v,13240158649
822,yang48@hotmail.com,3335028X,15663633053
823,xiulangao@lina.org,9466207B,15130861893
824,pingguo@49.cn,6866583e,13611617697
825,mwei@yong.cn,7258038C,14556377411
826,likang@hotmail.com,5536888i,15781164686
827,xiulansu@hotmail.com,2634165i,15732355070
828,yongxiang@yonggong.cn,2705094s,13806578210
829,ming94@chao.cn,16181l,14782067056
830,jingxia@fq.cn,3617700K,18039723206
831,pingmeng@hotmail.com,3859018S,13247051646
832,jun97@xiahu.net,5592935q,15084078032
833,xuetao@yongxiuying.cn,4808950x,18133327730
834,min04@peng.cn,4781495f,13713358291
835,zyan@yahoo.com,983270Q,15811883142
836,xiuying38@gmail.com,6958785Z,13680865553
837,ulai@eh.cn,328484Q,18253779685
838,yijie@hotmail.com,2328207G,14549486920
839,ofan@handu.cn,2988956F,14599583669
840,qzhu@85.org,1749205n,15159531313
841,lizhong@jun.cn,2728087J,18828164026
842,kzhu@wm.net,169544G,15295467944
843,ping34@juanjuan.cn,1721202Q,13660981007
844,daimin@gmail.com,1932049d,14760201170
845,moping@weitan.cn,5364798q,15503189531
846,xiongyan@hotmail.com,1444128X,18595787078
847,xtan@uo.cn,2977112a,18248685461
848,chao90@yanmin.cn,2659039D,18878231614
849,houxiuying@hotmail.com,2558248e,18700570260
850,wenmin@vb.cn,5318078y,15993734736
851,lixiao@gmail.com,3360172h,18641761010
852,rmo@lin.org,4990310q,15059697909
853,yanma@hotmail.com,5488993Z,18075423043
854,duyong@qiangdong.com,4639512C,15847214885
855,wenli@gmail.com,278884a,13800594856
856,li31@gmail.com,6831909L,18039710151
857,jie10@yahoo.com,6177563Q,15812803649
858,pzou@cao.cn,3584733F,18036460104
859,jie03@yc.cn,8498342w,18902389118
860,xiuyinglin@gmail.com,8618154M,13954624738
861,bzhang@gmail.com,6631102h,13677159133
862,qianglu@naluo.cn,4690511E,15257300152
863,wenfang@hotmail.com,2598080m,15611879416
864,ping33@gmail.com,2114291N,18912582261
865,fang11@yahoo.com,8726919P,15045192461
866,dumin@gmail.com,1112851v,18270943015
867,chao78@qianzou.cn,4732663u,18956038285
868,tsun@hotmail.com,6540038e,18631606040
869,ping66@gmail.com,9301710u,15594509094
870,yiyong@mv.com,6269450m,18840119574
871,chao55@yahoo.com,4583327r,15018107221
872,yong33@gmail.com,6396946u,18810173538
873,yanxie@yahoo.com,6456436g,13384587164
874,aqiu@yahoo.com,7094610F,18530469965
875,xiuyinghao@yahoo.com,1030353W,15085882008
876,plei@mengzhang.cn,9524042k,14515358573
877,lei55@xiuyingyong.cn,1541304q,18279385710
878,elong@duqin.cn,8073212X,18299827783
879,na61@gmail.com,5830900j,18027163452
880,gulei@hotmail.com,99810l,18035686180
881,guiyingqiu@zd.cn,357795J,13924789470
882,qzhao@hotmail.com,7529571r,18505837826
883,fuxiulan@jiekong.cn,6519625T,18920702635
884,guiyingtao@kang.cn,1920369t,13750492882
885,juanma@gmail.com,2019526X,13599924684
886,leijun@weicui.cn,7771027B,18570397726
887,longyang@gmail.com,1339886u,13871766725
888,lilei@yanqiang.cn,4076436U,15556878813
889,jie67@mp.cn,5191624h,14784517518
890,juanpan@pingjin.com,8630657R,14571673338
891,byuan@xu.cn,5310822N,15260585391
892,ming12@yahoo.com,3325240h,15923450265
893,fangliang@00.cn,955121G,13139288825
894,juanqiao@62.cn,3506999I,18248056673
895,sma@ganglai.cn,2206505w,18660593223
896,weima@kong.cn,4751532L,13207723198
897,uyi@gmail.com,7790445L,13743987124
898,otian@yahoo.com,3219455y,13705115194
899,yanglai@yahoo.com,9159657K,18880526263
900,guiyingxiao@junpan.cn,2474880z,13754246572
901,lintao@73.cn,1504365V,15938592605
902,mingzhong@hotmail.com,7078334I,13154455130
903,jingzhu@71.cn,3712236f,18008276494
904,fang95@yy.cn,4548478s,13600340275
905,oyu@yahoo.com,1282288q,15566254409
906,tao98@28.cn,1602748o,13772582468
907,guiyinglu@weitan.cn,6866990a,15037247459
908,panjuan@gmail.com,2522808L,18064767798
909,tren@yahoo.com,5457237y,13801993680
910,guiying84@pc.cn,2221737y,14535690906
911,mindai@gmail.com,2177480X,18834222196
912,vyin@kong.cn,351799Z,13243569649
913,qiaoyan@gmail.com,2313925A,18541037560
914,weijuan@20.cn,88399H,15916718901
915,wei44@xiongcai.cn,9336550y,14535724238
916,xfu@yahoo.com,473681t,18518693527
917,luoyong@yahoo.com,3886057K,13311727160
918,mhu@yahoo.com,9927812G,14554814702
919,jiangyong@gmail.com,7001908r,14543669032
920,xiulan59@cuideng.net,643001G,13183931849
921,leixiong@gmail.com,1250539J,18215464475
922,xiongqiang@67.cn,1432296d,15898193176
923,laiwei@mingzhang.cn,52780n,18027651790
924,qiang11@ay.cn,3396665W,18806842814
925,bailei@qiangqiang.cn,1217254U,13795233702
926,dingxia@dp.cn,5740865n,14567207093
927,tao71@xiuyingding.cn,3118961Z,14530395571
928,lei58@hotmail.com,2222124A,15871248871
929,jing57@gmail.com,309312q,13426591703
930,weixiulan@hotmail.com,6455189N,14557609292
931,ming27@gmail.com,7708986K,13488129311
932,tao42@chen.cn,1701857P,13294297413
933,fanglei@yahoo.com,9739267s,13072493064
934,qcai@xiulanye.cn,6850394G,13325318960
935,qwan@gaoduan.cn,2259191A,13109498234
936,itang@yahoo.com,9332253H,18899879514
937,fang23@chenxue.cn,9791480F,18208096767
938,guiying04@hotmail.com,7183572O,13751633495
939,longlei@hotmail.com,5788572T,18981843002
940,yaojie@mincui.cn,9102377L,15361154669
941,pengyan@68.cn,263596F,13860904389
942,omao@gmail.com,2910896D,18019788130
943,xiulan32@cx.cn,4903117k,13053699678
944,xia78@yahoo.com,9845738j,15759304597
945,yong10@tz.net,5502003u,14530642517
946,xiulan26@ql.cn,9081344y,13491063548
947,liuxia@73.com,6883638i,14530928487
948,li50@gmail.com,3867602c,13679932388
949,lei28@rendong.cn,4693591h,15197113478
950,qiang78@yahoo.com,3054607z,14594671350
951,wangyang@hotmail.com,7219550f,13536607980
952,guiyingpeng@99.com,3320707j,14796539737
953,mingshen@gmail.com,9663831R,13926599986
954,pzhu@gmail.com,1081543C,14559604048
955,qiang17@hotmail.com,9023574G,18516263275
956,shuang@renliao.cn,6007124n,18792358885
957,mxiong@daijiang.com,6652934p,15540896530
958,xiulanwen@weijing.cn,3186545f,13246734947
959,yanhu@weichang.cn,6352080k,15929941067
960,wenming@19.org,1824111X,18084601174
961,wei98@jing.cn,3146207A,14711666708
962,xia26@gmail.com,330963Q,18620403755
963,xiongqiang@xiangshao.cn,7933303v,18849793805
964,yan35@hotmail.com,2696495q,13841801862
965,ohuang@gmail.com,7623463R,13741471835
966,mingxu@gmail.com,283418O,13665965693
967,zmeng@gmail.com,4180660J,18946675622
968,fyan@hotmail.com,6901617q,15346614255
969,nawan@yahoo.com,6746030V,18822799488
970,tao44@yahoo.com,7992502c,18018200825
971,pqian@63.cn,3550284O,13825807081
972,lei77@hotmail.com,3565985W,15218221926
973,xiagang@wang.cn,5808942Z,13837791899
974,licai@yahoo.com,7256746T,18253526236
975,xujun@yahoo.com,5854167s,13773494227
976,kliang@yahoo.com,5765594j,18981017753
977,qianggu@qiang.cn,8781064P,15218733349
978,juanqiao@yahoo.com,6454043L,13667046762
979,hdong@mingfan.cn,149886Q,18816041274
980,ping46@tanzhang.cn,1066225m,15631394829
981,yxiao@pk.com,6906011J,13825927623
982,qcheng@tian.cn,2269842Z,13827855512
983,fanyong@lh.cn,7957434x,18513582002
984,xyao@wuguo.org,2524699Z,15303846719
985,pingzhou@gangmin.cn,983943W,18827792452
986,xiulandeng@xiulan.cn,3710755e,18538904595
987,liaotao@67.cn,2418882R,18206602146
988,ghao@gmail.com,5550392l,18874986604
989,bhu@yanchen.cn,3523947X,13672026894
990,jing27@yahoo.com,6328616x,13423912299
991,qiang04@hotmail.com,6136689Z,15274898334
992,gaoming@gmail.com,9475660p,13302699658
993,rxue@gmail.com,7130675A,15393269111
994,na78@gmail.com,5557749G,18086631740
995,fangyan@hotmail.com,3915853i,13944844644
996,xiuyinggu@po.cn,3609430B,14564943627
997,vwei@51.com,798001N,15690895771
998,xia85@gmail.com,3038267H,18172120188
999,taotao@yongjie.cn,4179732V,13344448303
1000,yong38@gmail.com,4988986N,13044508372
1001,dengtao@yahoo.com,3626474p,18813509863
1002,cuitao@sunzhang.cn,9630378u,18947307069
1003,yang58@gv.cn,3328260d,18930500379
1004,yongcui@su.cn,506594C,18669947293
1005,chao48@hotmail.com,5966564O,13478655743
1006,junxu@gmail.com,7681094H,18998677648
1007,pingcui@gmail.com,6596066U,15279358936
1008,wyan@da.cn,9902306c,14553477228
1009,weixiong@hotmail.com,9813983z,15712635048
1010,nwen@hotmail.com,309027C,15997653081
1011,syuan@yahoo.com,7213400U,15212151378
1012,bdu@yahoo.com,5367189P,18686812676
1013,juan48@wangyuan.cn,7445572n,15065646492
1014,huping@li.com,1546910B,13146771077
1015,fanggu@naxiuying.cn,2043535e,13842952265
1016,wuyan@su.cn,3923762n,14582503866
1017,zouming@gmail.com,5947751H,14515472054
1018,yzhu@guiyingshen.com,4224299y,18994504234
1019,nlu@yahoo.com,7856018T,13347732259
1020,houming@luma.cn,441430l,15598332540
1021,qiangsun@hotmail.com,6485108h,13960111861
1022,jinming@hotmail.com,3435566g,13176128885
1023,yantao@yan.cn,1751931I,14599489494
1024,xiayan@li.cn,9363662N,18737195839
1025,ping58@xiulandu.cn,1331481R,13511481180
1026,gangqiao@gmail.com,2579406V,18669963948
1027,yong63@qo.cn,580319R,13868308882
1028,weiqiu@gmail.com,653886u,13421597954
1029,yong45@hotmail.com,2186883U,13736881859
1030,caiyan@xiuyingyan.cn,6375080p,13090004728
1031,sunping@yahoo.com,2069211m,18965623431
1032,yangshen@nahu.cn,634098Y,18195668745
1033,guiyingxiao@31.com,3698353y,18781133101
1034,xiuyingxie@shidu.cn,9753966f,18815245129
1035,llai@wei.cn,3284652V,18626314615
1036,nkang@gmail.com,7448767V,15897334024
1037,sli@jingmin.com,4783506s,13586464722
1038,ghan@hotmail.com,6557857i,15133839897
1039,ahou@gi.cn,8992002p,13443156054
1040,iwen@gmail.com,8880158A,15012766230
1041,gang23@hotmail.com,5694236l,15244909957
1042,xujun@hotmail.com,7605157V,15801638697
1043,chaowu@gmail.com,9506337S,15053978580
1044,tianwei@yahoo.com,9389233q,18895071594
1045,gulei@yangping.cn,2799350V,15767326829
1046,bpan@af.cn,971069r,13712429122
1047,sunqiang@fu.cn,4982629E,18259590721
1048,pangang@yahoo.com,6595771o,13592375304
1049,gang93@03.cn,6193472n,15085485565
1050,jianglei@guiyingfang.cn,9979337R,18975365888
1051,gang72@fangkang.cn,5771746Q,13476470260
1052,lei22@hotmail.com,6073935X,13921137495
1053,fanglai@jiejing.com,7919387x,18006856627
1054,heming@luo.cn,2237244g,15790727043
1055,xia01@yahoo.com,6524171N,14556677618
1056,min28@yuan.net,3150497y,14715250873
1057,xdeng@juanlei.cn,7907452a,14500638890
1058,qiangxie@gmail.com,5757780R,15597228966
1059,xiuying87@hotmail.com,452737n,15279888473
1060,yan58@tao.cn,2350791I,15862236312
1061,chao97@zhong.cn,2958704L,15942672977
1062,nahe@xx.cn,4136869a,15742438584
1063,ping82@yongguo.cn,1409431r,15788975380
1064,wei71@gmail.com,7419860H,15214870422
1065,longming@fangxue.cn,6864668f,18779605014
1066,jun26@78.cn,6439834E,15251853720
1067,xuechao@wanglai.cn,6893362O,13971814863
1068,izhou@hotmail.com,8549993I,15541367225
1069,gang11@gmail.com,5495197A,13260157167
1070,dingxiuying@gmail.com,6017444x,14578975182
1071,jieqiu@cheng.net,9295052g,15884681651
1072,nguo@tao.cn,8719994F,13607993603
1073,juan72@yahoo.com,3583915f,15272295174
1074,pinghe@hotmail.com,9467608b,18585171775
1075,qianghou@hotmail.com,7017112c,18963958525
1076,yong72@gmail.com,7169090z,13061038873
1077,yanfeng@xia.cn,4364995x,18816327600
1078,sunqiang@yahoo.com,3277072T,15996227098
1079,fulei@li.cn,9317839a,14509222084
1080,yangwang@hotmail.com,8891976X,15594153995
1081,xieming@li.cn,4461873T,15035743287
1082,yaoxiuying@48.cn,1850553h,18702726294
1083,qianyan@fanggang.cn,1632347s,13504952601
1084,lhao@ming.cn,5718683x,13436255840
1085,xiuyingjiang@yaoshen.cn,467529Z,13462735340
1086,jcai@73.cn,8970785X,13625490407
1087,echang@yahoo.com,7455695T,13008309037
1088,gang06@hotmail.com,3764001U,15360745472
1089,cshen@jiepan.cn,3343862i,13468429626
1090,yan30@dong.cn,879261s,18517197034
1091,gxiao@gaowei.cn,6779580v,14577200460
1092,ksu@yuan.cn,9486527T,18627324452
1093,lei77@75.cn,8945974X,13591004575
1094,bsu@yahoo.com,7504807J,14559362936
1095,taowei@gmail.com,6507742J,13996104471
1096,zhangna@jingkong.cn,6424097K,13205969219
1097,yinqiang@yahoo.com,3837071Y,18967652505
1098,mochao@yahoo.com,5759119W,13222100182
1099,kongping@yahoo.com,3288641q,13810890714
1100,longna@li.cn,4698690S,13037565879
1101,chaohou@yahoo.com,6981371T,18660319280
1102,gyuan@50.cn,8465627j,14524091003
1103,agu@gmail.com,6731163n,15370658540
1104,tao18@linjin.cn,9261641x,18293719738
1105,junfan@yahoo.com,3182825i,18003689298
1106,yangcao@yahoo.com,5444809M,13511588294
1107,nsun@yan.cn,3922430a,18096946202
1108,jing99@yong.org,6776109G,13840361132
1109,qguo@luxiong.cn,4053488m,18561945007
1110,xiawan@yinxue.net,3056187G,13815298650
1111,juanxiang@liang.cn,7455214D,18598109329
1112,chao57@pb.cn,5260590g,13485544024
1113,na70@hotmail.com,5226507e,13303354195
1114,leilin@yahoo.com,1067326z,18172131729
1115,wanyong@lidu.cn,6278315f,14723456944
1116,qiangsun@hotmail.com,1990385i,13775404317
1117,caijuan@hotmail.com,1872276b,15967816089
1118,xiajuan@hotmail.com,8390219B,13234847584
1119,shiyan@fangjiang.cn,5537207A,15702510736
1120,yinna@yahoo.com,6041704B,15845935624
1121,guiyingyao@hotmail.com,7460503Z,14730868782
1122,lchen@yahoo.com,4115996D,18848963911
1123,longming@hotmail.com,3248199R,15357898513
1124,gangzhou@zq.cn,6639409p,13010465948
1125,lixiao@nayong.cn,45170a,13157503513
1126,ufeng@gmail.com,5184081d,18216056849
1127,minyin@gmail.com,6743590a,18752386720
1128,yan35@gmail.com,5921680O,13871146486
1129,na63@zhong.cn,1743009z,14547091262
1130,hemin@xiangye.cn,6137993w,13627163069
1131,xiuyingwu@gmail.com,3321570C,15246827556
1132,kangjuan@gmail.com,7165956Z,13194723702
1133,min27@68.net,348918t,18189430776
1134,jiangtao@yahoo.com,4371108H,15879966118
1135,tianming@hotmail.com,9675395H,14537035925
1136,leiyi@shao.cn,3030732v,14594427946
1137,uliu@hotmail.com,1073401K,15603085671
1138,yanbai@pan.cn,1617280v,15924091904
1139,chaogu@jie.cn,9034237o,18188320313
1140,rzhao@yahoo.com,3262142S,13244292963
1141,hhuang@guiyingchao.cn,4246116M,13905528107
1142,jieye@chaoqiang.cn,8959263W,13273993460
1143,jiafang@hotmail.com,3044301k,13324385283
1144,fangang@taojuan.cn,607455v,18921184144
1145,nadeng@taoxiuying.net,707624a,13702116297
1146,taoxue@yahoo.com,7336436r,18777369357
1147,cfan@gmail.com,5619079h,18199266644
1148,wanlei@hotmail.com,8165716o,15168667606
1149,zhouqiang@hotmail.com,3109592n,13158388639
1150,pingdong@fan.cn,80209L,13505116509
1151,jing00@linshen.cn,4632951y,15066481807
1152,jun53@ud.cn,7996949M,13506207987
1153,gangding@gmail.com,5731392C,14549560328
1154,mengxia@tandeng.net,2377618t,13206634209
1155,yanwu@mincao.cn,3112675d,15368759571
1156,jiajuan@yi.cn,2900447j,13705655117
1157,leicai@mingming.cn,3941811m,15899206737
1158,tianchao@hotmail.com,3147401Z,15954943131
1159,yangyu@gmail.com,6207186V,18877501987
1160,ycheng@yahoo.com,8548684q,18754484586
1161,chaohe@88.org,5787442B,13882857493
1162,cuiwei@02.cn,525666k,15771770504
1163,yjiang@cai.com,7168197a,15376190199
1164,ideng@tao.cn,5214854V,14571591165
1165,kangxiuying@yahoo.com,5769385Z,13811042488
1166,rlai@gmail.com,7370985G,13518280699
1167,ping20@chaopeng.cn,4761919w,18282917424
1168,jiegu@io.org,4852317W,18137773808
1169,lilei@83.cn,4070068l,18094707098
1170,jiepan@weishen.cn,5779433S,13563346391
1171,weimao@hotmail.com,5518271r,13559173846
1172,yong55@yahoo.com,8448792L,18873873959
1173,hzhou@juan.cn,1652081b,15922445105
1174,ping51@tao.cn,1302775z,14566107294
1175,duanming@hotmail.com,3682064J,13752041662
1176,weifang@gmail.com,462673C,14734246330
1177,li32@yahoo.com,5237495O,18699676252
1178,hzhu@gmail.com,4576561A,13406778192
1179,junchang@ye.cn,7650810Q,15292779735
1180,chenping@78.org,1796397s,18201049551
1181,shenli@xiulankong.cn,1292721w,15561588533
1182,lizhou@zou.cn,1449133W,15714486345
1183,yumin@gmail.com,5927401A,15115436565
1184,lei89@gc.cn,7978687K,13062847004
1185,jiewei@hotmail.com,1625393W,13509422146
1186,zhujie@xiulangang.cn,6372037U,13926607098
1187,tao11@hotmail.com,2541191b,15318410535
1188,ming36@qn.net,5441931g,18788355214
1189,stang@56.cn,9796440j,15055784866
1190,rshao@yahoo.com,6511739o,15505688288
1191,chao35@chao.cn,3119835I,13189163426
1192,junlong@yan.cn,2124865b,13734519539
1193,chao08@gmail.com,2515683q,18033664160
1194,vyin@fr.cn,3344947S,15759776288
1195,luping@yahoo.com,8629510N,13112232071
1196,czou@taoxiulan.cn,7045489b,13509129654
1197,junding@gmail.com,2177535z,13016253109
1198,tao07@59.cn,5697892F,14565642362
1199,ming56@gmail.com,7685546z,18536445032
1200,junlu@49.cn,7446360n,13569414408
1201,caina@gmail.com,9420357Q,13544331723
1202,xiulan29@yumeng.cn,6419054N,18562693705
1203,tianxiulan@gmail.com,2240469O,18873546578
1204,yangyan@na.com,6833906h,18092452437
1205,guoxiuying@gmail.com,30721T,15295846005
1206,zengli@gmail.com,1383953B,18966340237
1207,fangna@juan.net,7647481x,13640528605
1208,yang64@hotmail.com,5911804N,18700913053
1209,luoguiying@24.cn,881108C,15093827551
1210,licao@taohao.cn,7770191u,15001934003
1211,chaojin@gmail.com,8795212i,18696697410
1212,vhan@gmail.com,3453584o,13127717231
1213,mingzhong@hotmail.com,1161154p,13310220672
1214,fpeng@gmail.com,6177540B,14591259957
1215,xiuying93@hotmail.com,5379026n,13791224289
1216,yongyan@hotmail.com,4154208A,18806271563
1217,jiangxiuying@hotmail.com,6815019z,13161100871
1218,liaona@xu.org,1739366m,13940067160
1219,yinyan@gangli.cn,4119956N,15514981007
1220,min08@xia.cn,1706556C,13469807252
1221,min52@li.cn,4431134n,14706772708
1222,chao01@yahoo.com,4476340f,15580609814
1223,xiejie@yahoo.com,5019339A,18203052904
1224,ming49@yan.cn,772126W,18568966978
1225,zfang@lijing.cn,3992039W,18597130517
1226,chao83@hotmail.com,68395K,13450310813
1227,gang51@hotmail.com,1722555L,15848919746
1228,fang43@fang.net,9506876Z,14512887493
1229,chaohou@ui.cn,8968651K,14526368532
1230,taoming@jingxu.cn,8410336U,15040757925
1231,yangwei@gmail.com,6595235c,15729043986
1232,jingzhang@qiao.cn,9233642K,18948456242
1233,tianyang@leiming.cn,1856655j,14701850019
1234,mingxiao@xiulantan.net,4761360k,14578183312
1235,junyang@gmail.com,9075656e,15352749321
1236,juanren@hotmail.com,9001338S,18089935975
1237,xia68@li.cn,2354299r,15340080417
1238,hsu@hotmail.com,4750197F,15155181818
1239,yong86@gmail.com,4337254E,13581621751
1240,xiuyingye@chengye.net,1199450m,15901330176
1241,xiuying58@juanwei.cn,9637664y,18688677906
1242,yangli@leihu.cn,6773442L,15117952320
1243,xiuyingzhao@gmail.com,4697323o,13206935240
1244,mayan@21.cn,7303730M,13422891024
1245,fshen@fanliao.cn,6236205B,13435248397
1246,hhao@hotmail.com,6724960F,15226981617
1247,lixiang@gmail.com,9258913A,15095400557
1248,fanglei@zengsong.cn,912907C,18006020027
1249,na72@gmail.com,7095181d,15158078419
1250,yangwan@gmail.com,2361931I,15903319053
1251,leizeng@hotmail.com,6196102L,18051888153
1252,yong26@pingzheng.com,7949266D,18951813786
1253,xia24@hotmail.com,9532023R,18777115105
1254,ezeng@hotmail.com,7462233u,18630750212
1255,chaodeng@jieyang.cn,5289800X,15214657008
1256,xiangming@yahoo.com,4693050D,15784578069
1257,yanjie@yongjing.cn,5406976x,18948287777
1258,yongchang@yan.com,2392305M,13126401127
1259,dgao@hotmail.com,9460494s,15247607846
1260,jing86@yahoo.com,9867441O,13804251677
1261,uhe@88.cn,1891161u,15632334845
1262,fengjun@gu.cn,3178627c,18612899479
1263,zlong@hotmail.com,4614551G,13751957080
1264,jshen@xiulanlai.cn,66454n,18906605504
1265,guiyingfu@xiulanjin.cn,7199557q,18167650043
1266,fang67@yahoo.com,1655885D,15981140408
1267,vfeng@hotmail.com,4303686w,15699015296
1268,songmin@fangyang.cn,7381157k,15788324342
1269,jing74@yahoo.com,6392368C,13295080539
1270,bmao@li.cn,5900014L,13115136833
1271,wei83@58.cn,268007J,15630668569
1272,jun51@08.cn,4276660J,18942770545
1273,xli@yahoo.com,3790758D,15849450742
1274,jingsong@gmail.com,5330653d,13167571911
1275,xren@hotmail.com,1842333D,15183968887
1276,min98@gmail.com,7589107j,15822420347
1277,yanye@yahoo.com,6782962a,13287205410
1278,whou@qiangjuan.cn,7498355P,13743222058
1279,wugang@yongqiao.cn,4800956X,13918893658
1280,juanliao@guiyingdu.cn,7078255q,13970179370
1281,guiyingzou@yahoo.com,7807601K,18761615723
1282,jiayong@hotmail.com,3046455m,18234893632
1283,sding@yongye.net,449074M,13639607229
1284,xiangyan@hotmail.com,6093228J,15048638825
1285,jinglei@yongqiao.cn,6598217x,15552591566
1286,huangxiulan@jieqiang.cn,5396582S,18005056692
1287,taoren@hotmail.com,8866502w,14515446181
1288,li23@pingqiu.cn,8149607k,13659583779
1289,wujun@hotmail.com,1824567F,18733710371
1290,huangxia@yahoo.com,4987812d,14794066007
1291,qiang67@leisong.cn,5427574r,13091357376
1292,shenguiying@yahoo.com,9696093U,15864050714
1293,tangguiying@chen.cn,623787H,18863213230
1294,changwei@yahoo.com,7770663G,15093764664
1295,na41@yahoo.com,9854391D,15585804407
1296,wei47@hotmail.com,9841201S,13020801291
1297,minli@gmail.com,1983301r,14556084546
1298,zhuna@vz.cn,6349971L,13297313190
1299,jie29@gmail.com,2177395Q,13514475422
1300,longtao@fy.net,7728255g,18261368748
1301,qiaomin@gmail.com,6290762W,13677576955
1302,jun34@yahoo.com,398668t,15742993311
1303,min58@sun.cn,743101F,13691904493
1304,yexiulan@yahoo.com,8203627q,18978035970
1305,yangxiulan@qiangshao.cn,9340090l,13941956089
1306,guiying72@hotmail.com,6129689X,14510628431
1307,zhaojie@weijing.cn,8226603z,13442347283
1308,gyao@vh.cn,2563772A,13902085240
1309,jiekong@uz.cn,2049730K,13489585586
1310,yaoqiang@xiuyingfang.org,2889194v,13105680561
1311,tao76@qiangyan.cn,4519427c,13579811701
1312,lcheng@yahoo.com,4872953W,15256468880
1313,jingqian@weixu.cn,3714343K,18172310005
1314,nawei@zouxu.cn,819039j,15377044117
1315,jingluo@yahoo.com,4186311C,18166233310
1316,fang51@gmail.com,1614123d,18901072666
1317,yinjie@duanzhu.net,4383055T,14570946846
1318,wei65@gmail.com,2382883H,13245518066
1319,tao23@hotmail.com,3334799F,13343711454
1320,jie90@gmail.com,4032009I,13329351957
1321,houlei@gmail.com,8253154k,18125704836
1322,tao72@yahoo.com,123517S,13776703379
1323,ming85@yahoo.com,5997944J,14731689145
1324,haoyang@fusu.net,384544p,14513973684
1325,wanming@xiuyingyan.com,5274805v,15597160516
1326,uxiao@taozhu.cn,925346m,18721650483
1327,juan54@zc.cn,9679301X,18758198109
1328,rliang@yahoo.com,3027681y,18210725871
1329,xia64@leihe.net,2257919r,18186852899
1330,dujing@qs.cn,3752665M,13907648397
1331,ezheng@yahoo.com,3721072u,13141078478
1332,xyuan@pingjing.org,5124009N,18184645598
1333,chao58@yahoo.com,833553K,15758122134
1334,etian@hotmail.com,4665058g,13245008786
1335,yzhu@song.cn,8898370e,15692009584
1336,yang01@hotmail.com,1446820y,18811156753
1337,wenming@ming.cn,4567849q,13464047563
1338,na41@yangjing.cn,487834L,13039872127
1339,ishen@hotmail.com,5532108K,18050596810
1340,lei42@pingluo.cn,3231921Z,15688603869
1341,liguiying@jie.cn,6476650H,13573435388
1342,naqian@jie.cn,6442607O,15888119743
1343,mindong@gmail.com,4648294N,18867529534
1344,yaoping@gmail.com,5278501K,15026101524
1345,bqin@pengma.cn,5050676X,18210203118
1346,plong@09.cn,6164272b,18011333252
1347,fangfeng@hotmail.com,2519148r,13814953179
1348,wei34@hotmail.com,1904035P,18974609210
1349,na55@ping.cn,6187184v,13942241752
1350,lzhu@yahoo.com,6014406k,13663710367
1351,qlong@gmail.com,4452021f,18979125669
1352,liduan@fangmin.cn,5319943O,18169369272
1353,mgu@qiang.org,5545474L,14761689250
1354,xiahan@46.cn,4066187g,18123483439
1355,exie@yongyong.org,435366O,14573450165
1356,yan86@hotmail.com,8596559S,18552272592
1357,ping73@dk.cn,7740917C,13795302086
1358,jun28@dw.cn,839941R,18753596093
1359,jinghan@hotmail.com,762869V,15283558973
1360,qiangluo@yahoo.com,276689B,14520562515
1361,fcui@hotmail.com,1085771h,15600158222
1362,wei99@gmail.com,3231394e,15777216913
1363,yanyin@gmail.com,3128473X,13874154230
1364,yonghe@hotmail.com,2613545g,18289016451
1365,xia62@hotmail.com,8395849L,18701020673
1366,xia44@yahoo.com,8785420Y,13381939896
1367,xuejie@hotmail.com,4366895n,13916330923
1368,ayao@zhonghe.cn,4993478U,13270403122
1369,yonglei@pingqian.cn,7390977U,13796439871
1370,juanjia@wanli.cn,2708268d,15209478815
1371,weiliu@zeng.cn,7363746v,15596396460
1372,xiulanfan@wanyuan.cn,455852I,18858766100
1373,fangzhang@ex.cn,1859598S,13109812973
1374,qiaojun@yahoo.com,2542339H,14571118668
1375,limo@65.cn,391302C,13278115377
1376,xiaoxiulan@yahoo.com,9543924a,15769683879
1377,yang54@liliu.cn,1602446d,18666259744
1378,guiyingxiao@yahoo.com,8627272F,18163796798
1379,xiazhao@chaoqiao.cn,7810692x,18098097243
1380,linyong@gmail.com,5423155B,18093957981
1381,pingdeng@xialuo.net,253433V,15851069049
1382,yang92@jing.cn,5824490V,18548633184
1383,wei28@lei.cn,7830193R,15568797788
1384,jiefeng@hotmail.com,7594695w,18997718384
1385,yan71@hotmail.com,1728672C,13956870811
1386,chao27@guiying.cn,4778204C,15867696203
1387,laiyong@09.com,5527654c,13525047962
1388,edai@hotmail.com,8551451l,14502885453
1389,junmeng@gmail.com,4385282f,13095508827
1390,imeng@hotmail.com,9622905s,15166631579
1391,shiyong@duhan.cn,1874884D,18711674121
1392,liuguiying@yahoo.com,4754493c,14716198551
1393,qiang30@yahoo.com,7444910b,18831480987
1394,lixia@gmail.com,4051995i,15268290796
1395,gkang@yahoo.com,2292164U,14517621817
1396,sunlei@juanxiulan.cn,9587271r,13453110964
1397,jielin@gmail.com,4287502P,18999711409
1398,xiafan@01.cn,4469237Q,13211890830
1399,fangjia@gmail.com,5141254V,18876073411
1400,sding@jing.cn,7034668I,15546764713
1401,isong@gmail.com,5461028i,15690342116
1402,xiuying76@chaotao.cn,2963398w,13370651475
1403,qiang12@guiying.cn,565341T,15722538659
1404,tao42@lidu.org,7982227u,13198680761
1405,yanfan@zhoutao.cn,6871724z,13103220425
1406,lxiao@hotmail.com,6423808E,15075037152
1407,ushao@yan.cn,4416629A,14591837195
1408,exiang@fu.cn,1294827C,15928503712
1409,xiulandeng@jun.cn,135830W,18169212523
1410,gangdong@fe.org,4083375x,18552254005
1411,songjun@so.cn,9736101x,18921321279
1412,pzhong@jielai.cn,6789916c,18033532993
1413,jingjin@yahoo.com,5123220X,13784948291
1414,ping82@ov.cn,4274951P,15342141196
1415,jie49@xiawei.cn,8318317i,13208710535
1416,xia33@hotmail.com,9075035H,15394593673
1417,kangjing@77.cn,5925847X,18520270301
1418,ganghu@ux.cn,4826998A,18229852195
1419,wei92@29.cn,1859334W,15903794770
1420,xiongxiuying@hotmail.com,9834065p,14522376529
1421,jing98@yahoo.com,6725644y,14564066297
1422,pingzheng@leixiulan.cn,8331319E,13652245101
1423,chaoyao@mingxiuying.cn,8941162A,15847436506
1424,yuxiuying@gmail.com,7876985g,15801343177
1425,taoli@gw.net,6967104V,18873789180
1426,msu@xiongzhou.cn,9150970p,13038437427
1427,xiulanding@gmail.com,1445017l,18840657753
1428,pyuan@shao.cn,548128D,18801737727
1429,yechao@hr.org,9469913N,14556701600
1430,yuxia@guiyingkong.cn,2581209q,13559853772
1431,xiuyingyin@hotmail.com,9001944Q,13575103459
1432,xia21@guiyingna.net,6048979X,15376923906
1433,houwei@yuantan.cn,6263521R,18667735060
1434,yang42@yahoo.com,5793130y,15007095021
1435,xiuyingxie@gmail.com,849576m,18951466581
1436,yan90@yahoo.com,5458452r,13517211797
1437,luojing@lianglin.cn,7726181K,13869981837
1438,qiang23@hotmail.com,448414w,13439333544
1439,xiulan84@mingqin.cn,5560273N,13952393848
1440,jiegu@jingxiulan.cn,8092067t,15149291729
1441,wenna@xue.cn,3454592V,18503846524
1442,xiazhu@yahoo.com,7580816S,13233936405
1443,chao39@yahoo.com,4121853O,15834139232
1444,taowan@gmail.com,4131216F,14555034817
1445,fang73@yang.cn,5331900S,15588027207
1446,chenyong@32.cn,6752620p,13204677172
1447,juan27@gmail.com,3204626P,13280373788
1448,weijing@luo.cn,556814d,13411190893
1449,qiangdai@wei.cn,2981469d,18052559132
1450,xiulandai@zhao.cn,4632564O,13802947006
1451,gangliao@yahoo.com,6400335x,14755134489
1452,izhong@gmail.com,3001519s,18001907030
1453,chaohou@hotmail.com,5455501M,13168227974
1454,min26@qianghu.cn,6999168x,15070038139
1455,lihao@yahoo.com,2775284P,15721036693
1456,gangyu@18.cn,5302717u,18574482214
1457,qgao@xu.cn,6428044c,13098927087
1458,igu@gmail.com,5353799p,15516557074
1459,chaozhao@mengmeng.cn,5581127o,18958124405
1460,jingyi@92.cn,9917509b,13616084088
1461,cliu@hotmail.com,5634888b,13263830285
1462,bxiang@yahoo.com,5871381D,13964707457
1463,ming62@da.cn,3672404b,13684829440
1464,xiaqiu@xia.cn,7061383y,13417458906
1465,liangqiang@pingguiying.cn,9932030A,18084311075
1466,atian@liujia.cn,4173173W,18634293094
1467,juan42@mingye.cn,742638V,13477921649
1468,dye@16.cn,6825240t,18814819465
1469,jie19@hotmail.com,8165561V,18294936277
1470,kangqiang@yahoo.com,6191901i,13345465791
1471,dongjing@gmail.com,3460615O,15131327199
1472,utao@yahoo.com,4373336n,18841528953
1473,idong@qiangqiao.cn,4130642C,15133967864
1474,weilong@yahoo.com,2039699l,13581432153
1475,xiulanqiao@jungang.net,4742825H,15055841144
1476,leizhang@hotmail.com,1747328h,14591630559
1477,luoli@yanzhong.cn,9985481J,18151603216
1478,taoli@yahoo.com,1219131C,15385860966
1479,xiulan47@gmail.com,151792f,15169929660
1480,liaoxiulan@yahoo.com,8274788l,18839359507
1481,wei82@xiangdai.cn,4056402G,15924068972
1482,qianglin@chao.cn,1906974O,13533150167
1483,fhuang@yahoo.com,4616945l,15399273092
1484,chaomeng@hotmail.com,8562001E,13322703696
1485,juanhan@66.cn,4686426D,13177191577
1486,duantao@jing.cn,9942408B,13022723722
1487,min23@hotmail.com,559823o,13697778264
1488,ming91@hotmail.com,309603Q,13522714658
1489,chao17@gmail.com,1926776l,18632385740
1490,nashao@jie.cn,3464054z,13549237682
1491,uzhu@yahoo.com,5950001R,14548807862
1492,ijia@gmail.com,3676971x,13858777709
1493,jinfang@chao.cn,1066263F,13726500938
1494,xxiang@lizhang.com,1363831Y,15190523516
1495,lei22@qian.cn,237438i,13483035385
1496,zengjun@21.cn,8034550H,18088353948
1497,gongguiying@yahoo.com,596606P,18685515096
1498,fzhao@min.cn,5080378I,18986844773
1499,motao@nali.net,3921704U,15183708657
1500,nchen@hotmail.com,9475614G,18096804439
1501,yan24@zheng.cn,4888485f,14550326615
1502,hxiao@leiduan.com,7691664V,13647987203
1503,chaotan@yahoo.com,6963221a,18931198954
1504,jiaqiang@xiulan.cn,2714365Q,18656495065
1505,wangmin@yahoo.com,305171X,18515158895
1506,baiyong@hotmail.com,455893P,15209071216
1507,yan25@na.cn,2169788e,15329769844
1508,yongxiao@gmail.com,728549v,15577545980
1509,jie46@hotmail.com,4490964S,15263997497
1510,lwei@hotmail.com,2251945s,18099512932
1511,xueqiang@jq.org,3096817j,15150281180
1512,qianjun@lihao.cn,6437906G,15627707233
1513,longna@ls.com,8184605b,13674670321
1514,fangjing@hotmail.com,3360559g,15556878071
1515,clai@yahoo.com,1671581B,18731656565
1516,hlong@xiulan.com,4518307X,14754384754
1517,guxia@hotmail.com,5335880h,14702852106
1518,minghuang@zhousu.cn,6405242P,13775466642
1519,wangyong@ms.cn,1400494P,13664094467
1520,lei93@fangtao.net,3826887c,15618939208
1521,fanwei@dong.cn,9757001d,13414524145
1522,ozhang@hotmail.com,6131993G,14541679021
1523,yongxue@yong.net,2945038C,15626563700
1524,lili@ng.cn,982500X,15644628760
1525,qren@yahoo.com,8242802R,13628537400
1526,xiulan91@fangxiao.cn,271190H,13716037411
1527,kzeng@gmail.com,5603763D,14502179335
1528,pingfan@gmail.com,1930148c,15671591553
1529,wantao@yahoo.com,3461509C,13920123617
1530,xiulanduan@hotmail.com,1201982D,13309274485
1531,ping22@yahoo.com,4836280A,13471529362
1532,wuyong@gmail.com,7021967U,14563809374
1533,jie77@ping.com,3797466x,13656123816
1534,gang92@yahoo.com,9498421k,18199789029
1535,nayuan@gmail.com,9228044Y,13614032452
1536,pingliao@linzhong.net,8639525E,14535101823
1537,ganglei@67.cn,5338161f,15505222788
1538,ayi@gmail.com,2786632Y,15103288255
1539,yuchao@gmail.com,9973301z,18895442801
1540,rwang@gmail.com,4445223R,15658633515
1541,xia84@yaoyang.cn,6431931v,15115809882
1542,guiying15@gmail.com,3549421L,13001648946
1543,tao89@weili.cn,5407210x,13833028037
1544,weigang@xiuyingjuan.cn,9889681B,15944021958
1545,gkong@gmail.com,5180463Y,15215008463
1546,taoliang@qiangna.net,9222748T,15656777374
1547,yantan@junming.cn,697633H,13923020829
1548,guiying57@yahoo.com,704342g,15349141304
1549,hanping@gmail.com,4792911Y,14525456314
1550,yanqiao@yahoo.com,1860188a,13486014221
1551,tlu@gmail.com,8257393h,13086672787
1552,ganghuang@haobai.cn,1211032t,18158812318
1553,ming96@gmail.com,7680280F,18264150316
1554,gluo@yong.net,7668056D,18664053293
1555,qiang82@yin.cn,3694403a,13497189078
1556,xxie@hotmail.com,4411912Q,18840002326
1557,songxia@yahoo.com,524338Q,15294955488
1558,gaowei@minjie.cn,4526740u,13569800242
1559,yuqiang@yongcai.cn,747860U,13945002560
1560,jing78@qiang.cn,5107287j,14723022100
1561,luoxia@yahoo.com,6370165B,15245630562
1562,aliao@14.net,2694792t,15250569056
1563,qiang65@guohao.net,2895423Y,15807938258
1564,zxie@yahoo.com,1722488E,13713474455
1565,xcao@gmail.com,2000457v,13596636818
1566,zoujun@qiangqiu.cn,4017986a,15782121117
1567,minzheng@39.cn,3879406Y,15177623313
1568,yong13@ping.cn,7221931D,18181097313
1569,tanguiying@yonghan.cn,3919778z,15940145305
1570,oshao@06.cn,7153498M,15382281739
1571,huangxiuying@juntao.cn,4606384z,15957454285
1572,qhao@50.cn,6198822A,15876953736
1573,yong23@ph.cn,184889t,14529722453
1574,pingliao@jiedu.net,4314799U,15109900316
1575,pengjing@jun.net,3325753U,13012610204
1576,weiyong@chao.cn,2002101T,15881581762
1577,qiang98@yahoo.com,1713093g,13378484551
1578,zwu@hotmail.com,8390108n,15077580963
1579,gang18@yahoo.com,6229834G,15247753167
1580,lilong@gmail.com,2392775n,18107378903
1581,xiulan22@10.cn,2576701l,18280398648
1582,guiyingzou@renqian.cn,3104974p,14559888631
1583,guiying87@guzeng.cn,6092536j,15225004743
1584,xiulanlai@yahoo.com,1075272w,18522045171
1585,gangdong@97.cn,6720880a,18859636289
1586,tmo@hotmail.com,2497874J,15909764563
1587,houjing@gmail.com,4808083B,18738840956
1588,wuyang@yahoo.com,7382410L,13437017470
1589,shaolei@hotmail.com,810768k,15681686203
1590,lujun@lei.cn,3515751E,13121982288
1591,zzhang@liming.cn,4995085d,18579723639
1592,vguo@yahoo.com,2515195g,13581496166
1593,llong@hotmail.com,768666O,15295277666
1594,cduan@yangqian.cn,5986597h,15902512877
1595,xiuyingye@yahoo.com,9592330Y,13829347530
1596,jzou@gmail.com,5397690Z,15073451521
1597,yan11@yahoo.com,8667721i,13589817252
1598,mingqin@kangpan.org,3484101A,15881920312
1599,li16@gmail.com,4673206W,15138004175
1600,gang10@fangjun.cn,311107B,13971394063
1601,linyang@63.cn,9940247m,15143401386
1602,wuming@gmail.com,9102464P,18798814841
1603,jie36@su.cn,8299679J,15511744099
1604,juan53@hotmail.com,8752049R,13326173172
1605,yan38@yahoo.com,5585071d,15216675403
1606,sunxia@44.cn,8740571w,18577221049
1607,mxiang@gmail.com,1818720K,14534236185
1608,longjuan@or.cn,354486m,15306237086
1609,jxiong@yahoo.com,4643754R,18640306816
1610,xiongguiying@yanshao.cn,5788579h,14584481898
1611,linxia@06.cn,1738959d,18734513646
1612,jun69@yangong.com,9263393Y,15141340098
1613,fyin@gmail.com,314250y,13950939369
1614,jiaxia@yahoo.com,7736484t,13682617023
1615,yanyan@zhonggong.cn,2372450J,18812078347
1616,xiongyang@bk.cn,9033354B,15568419793
1617,lei99@gmail.com,1482229F,18744296934
1618,laichao@gmail.com,5415307x,14741814094
1619,wei42@ma.cn,1423901H,13864267457
1620,tzhang@hotmail.com,9813796c,18541853693
1621,leixie@vu.cn,9801485z,13560270249
1622,mguo@yahoo.com,4062532w,14742239029
1623,cshao@mingjing.cn,9878862t,13232880445
1624,yongtang@pingtao.cn,6442956G,13688746126
1625,fbai@yahoo.com,1463724O,18941054175
1626,gangchen@xiuying.com,2455530n,14517138039
1627,junhao@hotmail.com,2729137v,15946951427
1628,yanhuang@junyong.cn,6071532g,14584705910
1629,zhaojuan@gmail.com,7771907T,15290106586
1630,cfan@68.cn,1560467I,15681079825
1631,gangmeng@gmail.com,1619741L,15067560012
1632,yang11@hotmail.com,9405649K,15654144394
1633,chengjie@lizhao.org,974725e,15928087579
1634,qiangliao@yahoo.com,4534830l,18069853149
1635,leichen@xiulanjin.net,9341820L,13972522221
1636,rtang@49.cn,1169865G,13022150979
1637,weicheng@gmail.com,4148586Y,15512284646
1638,mshao@xiulanqiang.org,1995948d,13007924841
1639,weihao@leisu.cn,3095217k,13357035774
1640,jingwen@taohe.cn,3655011T,15979977388
1641,wei06@37.com,7352348a,15324299287
1642,juanhou@44.net,545215q,14546721826
1643,chenping@peng.cn,3233439f,15634125530
1644,ttang@38.cn,997439O,18642876052
1645,yanmin@wang.cn,9181304v,14535283403
1646,xiaqiu@hotmail.com,5595372J,13564392912
1647,yang11@yahoo.com,7697066V,14777354332
1648,dlong@junlei.org,9722277y,15879524078
1649,hujuan@yan.cn,8507676X,18557859975
1650,jingsun@61.cn,422681g,18790001654
1651,gang56@gmail.com,3090333g,18552526755
1652,xren@xiayang.cn,502561i,18747796532
1653,leixia@dengpan.net,4878939D,15116971719
1654,na88@guiying.cn,7984051W,18033999232
1655,ipan@gmail.com,4665715P,13347023344
1656,xiangna@ng.cn,8273927L,18273946636
1657,qiang52@pg.cn,2320038O,18837150428
1658,jingwan@yang.cn,4119182v,15919854011
1659,lei24@hotmail.com,1555552S,18030752013
1660,vmo@yahoo.com,814153g,15724057842
1661,xia44@ye.cn,4191564L,15554596483
1662,xieming@gmail.com,4113921c,13330797489
1663,xjiang@yanping.org,6788796z,15077744428
1664,lichang@83.com,1783470X,13615971435
1665,zfu@yahoo.com,9048942O,13186627468
1666,duqiang@yahoo.com,8511694s,18181391618
1667,xtian@qian.cn,1283407A,15300505136
1668,emo@44.cn,6774012k,13368115512
1669,zoulei@yahoo.com,9794263z,13336726508
1670,kongyang@qiaolin.cn,865322W,18894671607
1671,mingsun@yahoo.com,6538476k,13508038662
1672,fcai@yahoo.com,645607L,13042644969
1673,lei77@hotmail.com,4459110V,15099713284
1674,rchen@qiang.cn,5107865L,13997377840
1675,gangma@36.org,2824435b,13892887141
1676,nzhu@yahoo.com,1949079f,14766258915
1677,jing69@guiyingtang.cn,4473870K,13853211793
1678,bzou@cd.cn,4438597i,13956071454
1679,weiwen@gangna.cn,320147X,13518095307
1680,xiechao@37.cn,2280338E,15573239701
1681,guiyingzhong@gmail.com,9212330c,13195996809
1682,min84@yahoo.com,2177036w,13139576412
1683,juan07@yahoo.com,2878205V,15128418827
1684,zhengjuan@xie.cn,3250643n,15840087684
1685,min69@yahoo.com,7201231m,18628658128
1686,imo@hotmail.com,2994215x,13180574836
1687,zhangmin@yahoo.com,6170367H,13636771708
1688,songxia@yinkang.cn,5918803p,18745360541
1689,lideng@92.cn,6827285C,18118678829
1690,hujing@gmail.com,1761216u,13498857719
1691,yang68@hotmail.com,2614180q,13996241629
1692,baijun@yu.cn,3158156i,15252589776
1693,moxiuying@gmail.com,8077959U,15965666155
1694,jiachao@jun.cn,4422237a,18828320450
1695,vliu@yahoo.com,1918822z,18000966390
1696,nfeng@hotmail.com,6735847X,15182525395
1697,bshi@hotmail.com,1193952T,13576507444
1698,juanxia@mingqin.cn,8005463d,18902036831
1699,gujuan@hotmail.com,7471233g,15224491706
1700,tangjie@laiqiao.net,7401016L,15390130544
1701,minpan@wangtian.cn,6840311E,15823763699
1702,mtian@mindu.net,9477140j,14720973969
1703,imo@yahoo.com,4724670P,15584014261
1704,ofu@gmail.com,9459157i,18840099887
1705,lei71@yahoo.com,3431677t,18262540113
1706,kzhou@yanyang.cn,9348108g,13919529498
1707,lei89@bai.cn,8440000k,18559464187
1708,xuexiuying@taogao.cn,629954z,15542340366
1709,yong72@92.cn,2801868g,15160610174
1710,naliao@huangdeng.cn,1768782F,14717369661
1711,li58@yahoo.com,6977552Y,14727064879
1712,leizhong@fangmao.net,3175500d,18180244873
1713,jun56@hotmail.com,4686207V,13499481786
1714,minzheng@gmail.com,4667814x,14729344349
1715,ming99@mintao.cn,5925445G,13000103702
1716,yangshao@53.com,8623683a,13042249228
1717,ming09@gmail.com,4552695N,15181343295
1718,yangtao@hotmail.com,310730L,15504451182
1719,ping82@hotmail.com,9226273S,15876653271
1720,rwen@chao.net,8100091l,13140499447
1721,ping38@gmail.com,3194938I,13905695880
1722,vliang@yihao.cn,3669518k,18555732411
1723,vhe@am.cn,5039825D,18683310067
1724,qianchao@yuan.cn,4794232o,13796334344
1725,nabai@weihu.cn,7971906W,13090600466
1726,jinli@hotmail.com,1505542r,13760611863
1727,ayuan@leibai.cn,4296535w,18292065094
1728,hejuan@gmail.com,6992049V,14550964957
1729,zhongyan@yahoo.com,8978491u,18227684527
1730,yang54@jiegang.cn,4718302K,18106157145
1731,ming65@gmail.com,8977437P,13744937551
1732,wangjun@hotmail.com,8471329M,14799010356
1733,lpeng@hotmail.com,9729521e,18868697270
1734,tantao@yahoo.com,2471113s,13243311926
1735,jie91@yanwan.cn,6939441K,15014010225
1736,wei77@gmail.com,7282964f,15398746272
1737,songgang@gmail.com,6150087J,13825232452
1738,tao54@weikong.cn,5246292w,13452657767
1739,gang99@yahoo.com,6787228O,18794347042
1740,mintan@cr.net,8470016M,13245708843
1741,qiang62@yinzhang.cn,7422424E,18267116502
1742,ylin@yahoo.com,1585197m,14551405127
1743,guiying59@yahoo.com,9745091h,13967351259
1744,leiliao@jieming.cn,1889426f,18627923004
1745,huqiang@gmail.com,5869455t,13721835003
1746,iyu@ming.cn,3051601r,18207205849
1747,weiyan@hotmail.com,7887972Q,15759550921
1748,minwan@hotmail.com,7669014G,15240546876
1749,uchang@hotmail.com,9195933t,13325589372
1750,mawei@kangcheng.cn,6700087H,13133435336
1751,yang04@ye.org,8939866R,13929976552
1752,minmao@yahoo.com,4928191F,13230766010
1753,ryao@hotmail.com,9824330z,18932582975
1754,jing93@yan.cn,6796051e,13426878653
1755,yong81@yahoo.com,7750174w,15775045907
1756,tao64@dongxiang.net,6139834O,13309798338
1757,eliao@jun.cn,2538368t,15382344776
1758,ming52@gmail.com,5405496E,15318325896
1759,jietian@yahoo.com,5726195h,13142670633
1760,mfeng@guiyingmin.cn,636939a,14571620555
1761,lxu@chenyin.cn,6664429y,13091991941
1762,leihu@rg.cn,5590906q,13035613894
1763,yongliu@56.cn,587846s,15376348068
1764,yongcheng@hotmail.com,7517884A,14745350295
1765,gang23@hotmail.com,4442149Z,15725049442
1766,mingtan@63.net,7246892E,18276670551
1767,xiuying35@chao.cn,9833526f,14586774358
1768,taojun@zhao.cn,1879379e,13840634339
1769,zhongchao@chaozeng.cn,6290631K,15325062421
1770,min49@16.cn,4502303d,15178797144
1771,jieyu@gmail.com,9407297g,13916732623
1772,xiaoping@jiang.cn,7871714z,18564810301
1773,tguo@zengyao.cn,8245035r,18792620114
1774,taodai@hotmail.com,7468769P,18006578535
1775,lixiang@gmail.com,1712389r,13893491499
1776,mingfeng@gaoliao.cn,9356827E,15200432383
1777,maoxiulan@yahoo.com,1012935B,15720493202
1778,pyi@gmail.com,3027217I,14514357989
1779,pmo@yahoo.com,9350285t,13697128005
1780,xia75@hotmail.com,8608871o,13596495972
1781,fangguiying@yahoo.com,4076001k,13667375552
1782,wei84@58.net,3622837E,13453876416
1783,ftang@hotmail.com,2517804d,15194622071
1784,kyu@yahoo.com,1561676j,15768736422
1785,xiali@yahoo.com,4444398q,14745752567
1786,taoqiu@11.cn,5910311D,13421607371
1787,luoming@gmail.com,3686288Y,15913949125
1788,ekong@yahoo.com,8528378a,15105216567
1789,lei21@xiulanmin.cn,1021418c,14550969729
1790,tianlei@zouxie.cn,3906290W,15659252519
1791,wuqiang@gmail.com,882380m,15212940449
1792,gqiu@qiangmeng.cn,7074877J,13954469015
1793,yan47@yahoo.com,2548729A,13290970988
1794,mkang@hotmail.com,9058066x,14774993965
1795,vcao@gao.org,6626577G,18092683121
1796,xiasun@gang.cn,6876064q,18578539128
1797,jingxu@yahoo.com,8220589d,18643083998
1798,qianyong@xiulanli.cn,216582W,13587890226
1799,na08@yahoo.com,9319478p,13706753393
1800,lei36@qiangqiu.cn,2225392j,18698130415
1801,tangqiang@yahoo.com,804165o,18252726911
1802,juan89@hotmail.com,381976i,15638187208
1803,chaojin@hotmail.com,5035055i,18252984674
1804,juantang@hotmail.com,5444012g,13922560557
1805,caiyong@qiang.net,8247780U,15756862864
1806,jie38@hotmail.com,1691830L,15733194133
1807,juanzhou@junwu.cn,8158375G,15020861403
1808,rshao@gmail.com,4759329D,14787080178
1809,weixie@qin.cn,4149048I,13788069521
1810,guiyingsun@lijun.cn,1690665g,15711744350
1811,mengwei@gmail.com,6214924r,13590495719
1812,dgong@deng.cn,5852260K,13266111335
1813,xiuying03@tz.org,9326234U,15356492423
1814,fengyong@tao.cn,6536084Z,15269942498
1815,jing21@gmail.com,6022829F,14579845395
1816,ulin@caiyuan.cn,8710340e,15251813605
1817,li50@23.com,4441094l,18101686858
1818,tianchao@taogong.cn,8766963j,15037738195
1819,xietao@hotmail.com,4954068w,15989905136
1820,btang@juanshao.org,7989633R,18083787234
1821,wangfang@hotmail.com,4395198T,15290881502
1822,kongtao@fx.cn,9019781j,15273674977
1823,leihou@yahoo.com,6466564X,18616261800
1824,dingjing@gmail.com,7272394h,15363209666
1825,mhu@yahoo.com,3637887X,13293042774
1826,gangcai@yahoo.com,7739643X,15713145641
1827,guiyingguo@29.cn,6674013J,15751550426
1828,yang63@jt.cn,2131824t,13626682184
1829,songming@yahoo.com,9063542O,14594725533
1830,luoxiulan@yu.net,1462062s,18806847066
1831,na02@gmail.com,8345307d,13919097084
1832,juan25@hotmail.com,2213336K,13600313996
1833,ywan@hotmail.com,1823587O,15039535460
1834,jieyao@yahoo.com,9039575i,13666705984
1835,qiangyu@yahoo.com,7161453o,13152708532
1836,fanyong@zoukang.cn,5034958j,15692810918
1837,chao37@gmail.com,3906247H,18075681444
1838,fang69@93.cn,7494894z,15908044843
1839,jingxiang@xiuyingshao.cn,8030509S,15521944775
1840,songguiying@yanqiang.cn,5566534R,18740308056
1841,sguo@baixiang.cn,4033824l,18521896324
1842,jingli@gmail.com,1526158I,13867138622
1843,mshi@gangwei.cn,9865291E,14747435275
1844,xuegang@chaomo.net,5585177V,13274637652
1845,lei57@yahoo.com,7611561z,14583553928
1846,yongzou@94.cn,6432907o,18789211444
1847,xiayuan@31.cn,4017403a,13000704162
1848,juantan@gmail.com,1154987g,18604909537
1849,jingmao@hotmail.com,3284356p,13965753282
1850,taoyuan@gmail.com,6184754f,14529481760
1851,mguo@xiulan.org,33299q,14563263085
1852,guyan@gmail.com,3377558o,18604027802
1853,xia09@mingtian.cn,5420780a,13571140697
1854,huwei@guolin.cn,5484282X,15971476377
1855,yan48@gmail.com,5305030k,13261788259
1856,liaona@yahoo.com,998309C,13217949066
1857,na43@ws.com,4294702q,13898720875
1858,fangzou@hotmail.com,4481533P,15243841643
1859,ming63@hotmail.com,6940266k,18070580663
1860,zouqiang@mingwei.cn,1293619U,15676508111
1861,mingzhao@zenghu.cn,4959814k,15518435202
1862,wenxia@yahoo.com,2300583n,13828371314
1863,juan00@mk.cn,2456891a,18154289034
1864,vhou@hotmail.com,4156501N,18605415991
1865,luotao@gmail.com,1197058B,14709080565
1866,moli@fh.cn,9710621s,13693482047
1867,gang78@hotmail.com,7167879x,15039993963
1868,sxiong@min.cn,5889432x,15724654148
1869,songtao@04.net,3098414D,13989974262
1870,weihu@yahoo.com,3013542I,15921657962
1871,jun57@hotmail.com,4382745a,18901110426
1872,xiacui@69.net,4329098B,18703934423
1873,junhan@yahoo.com,9797370C,13772260293
1874,jun70@gmail.com,3747855U,13887583187
1875,lei69@at.cn,4727639k,13291337687
1876,zhaoyang@jie.cn,9044179E,18082088798
1877,guiying73@xiuyingliao.cn,6015916W,14576748137
1878,futao@85.net,7984045C,13494961364
1879,ilong@hotmail.com,3826183D,18748514570
1880,nabai@hotmail.com,579709g,14504091676
1881,twang@hotmail.com,1923209f,13851643293
1882,kongna@hotmail.com,5623599y,18276298539
1883,jun42@xiang.cn,2442319u,13518503212
1884,lei24@gmail.com,7728681M,13541185259
1885,huxia@wan.cn,3790955l,15261400967
1886,ukong@yahoo.com,329335O,18998931261
1887,yang58@chao.cn,561711l,18761273350
1888,ganglin@yahoo.com,1880353d,13214528639
1889,wwan@cao.cn,2833791K,13040818204
1890,lei64@bz.cn,7521095N,18924781121
1891,yaofang@yahoo.com,5498419X,18722928829
1892,yanfeng@jin.cn,4502059d,14593085413
1893,jiedai@fangqiang.cn,3796879z,13420790146
1894,taoxu@89.cn,7605747z,15214991913
1895,weixia@yahoo.com,6109398v,14536464263
1896,xiamo@zy.net,3287202u,18159393049
1897,dsu@hotmail.com,9755177k,13632751442
1898,liyang@hotmail.com,8087381l,13575076073
1899,kkang@qiangshao.cn,7243970q,15631593274
1900,jun02@yahoo.com,1780776h,13622465829
1901,chaoshi@hotmail.com,5871196R,15132619093
1902,jinghao@hotmail.com,4571499Q,14506592317
1903,fanghu@yahoo.com,4575737Q,13810676405
1904,xiakong@yahoo.com,4165693v,18609230748
1905,wenjun@zeng.cn,2380111G,13649557339
1906,yyan@48.cn,5676806y,15750184036
1907,baixiuying@zt.cn,9610273M,13933709220
1908,xiawang@68.cn,8351138s,15604159575
1909,yongsong@hu.cn,5762998q,15685852713
1910,liaoyang@jiewei.cn,7790275v,13330979424
1911,ping42@pc.cn,9931298h,15213772768
1912,gang41@hotmail.com,6136129W,14544971611
1913,chaofu@tn.org,3126431w,15158213653
1914,zoujie@hotmail.com,7867143S,14549667279
1915,leizhou@chaoping.cn,6209251Q,13462493391
1916,renchao@gmail.com,3582022F,13756567336
1917,fangxia@hotmail.com,9634348T,15134407948
1918,zhangyang@lei.cn,415778S,13034745901
1919,na40@yahoo.com,4218317x,18594490345
1920,xiajing@mg.cn,1605446Y,13175670556
1921,juntao@19.cn,5111608l,13953140193
1922,juanfu@hotmail.com,3758384C,13634116786
1923,czhou@yahoo.com,1969894Z,18298075268
1924,xiuyingchen@wei.cn,1142052W,14508753647
1925,pkong@jinglong.cn,3293032X,13365388140
1926,smeng@yahoo.com,4677667B,18160272822
1927,cchen@gmail.com,1628016S,15679741543
1928,rliao@yahoo.com,5400538m,18977990086
1929,qcheng@gmail.com,9715908p,13551874123
1930,qianming@yuan.cn,9865444i,14708545237
1931,liangping@yahoo.com,3003771T,18540759984
1932,leiliang@hotmail.com,4846315f,15112860026
1933,dingming@minli.cn,238979Y,15186938287
1934,xiuyingjiang@pengcheng.cn,6473980y,18053742285
1935,gangyuan@yahoo.com,6277118x,15311887858
1936,namo@yong.org,3680171K,15842376171
1937,xiuyingtang@minjie.cn,3219189r,13814925486
1938,syao@juan.cn,8971173b,18042212479
1939,ming68@of.cn,789577V,13273572109
1940,jiexu@46.cn,8960880C,13719938288
1941,yuanfang@xiuyingchao.cn,7408066O,15140935088
1942,yuli@hotmail.com,5046300E,18713070205
1943,dengjing@gmail.com,258625g,15159798361
1944,xiazhu@81.cn,9627674G,14724824636
1945,xiangmin@hotmail.com,2000190j,18086784818
1946,zqin@bz.cn,5782379g,15610598384
1947,xiulan44@fang.cn,1806928H,14551541568
1948,chenjun@panluo.cn,9487363g,15082707896
1949,qiang90@gmail.com,322612k,18149185362
1950,pinghe@hotmail.com,6381430H,13355528806
1951,tao67@gmail.com,1447768G,18262036890
1952,tao61@yong.cn,7842635w,13010822356
1953,mingpeng@np.cn,2582686P,15124236959
1954,chaolai@sun.cn,9267951h,15362498556
1955,liaoping@gmail.com,7863512b,18238461350
1956,guiyinglai@hotmail.com,2890296L,15680688313
1957,yanfu@pingren.cn,4398494E,14564406712
1958,majie@yahoo.com,7400264H,14789662393
1959,qiangren@liaoqiu.net,5896964E,13474442561
1960,chao06@hotmail.com,2431732O,15942920301
1961,nagu@lijin.cn,783238b,15610681219
1962,lcheng@fanglong.cn,1843111A,18935957097
1963,min40@hotmail.com,6835173g,13808918792
1964,min46@yahoo.com,676363T,13924531774
1965,ncao@yahoo.com,7364077K,15258178189
1966,hanwei@yahoo.com,9149251y,15075661147
1967,fxiong@hotmail.com,1624905E,13419311640
1968,gaofang@juanqiang.cn,9670228J,15984752135
1969,qiangcao@yahoo.com,503827E,18926152382
1970,ahuang@yahoo.com,5523528n,18082024163
1971,pding@mao.cn,7787416N,13120571815
1972,liangjing@jing.cn,7919292w,18267804784
1973,cwan@hotmail.com,8530239t,15967466573
1974,ndai@gmail.com,4439552z,13462974918
1975,yanggong@yahoo.com,29760d,13785169438
1976,xiaqiang@kk.cn,3997651O,18913106490
1977,jie97@nayin.cn,1283121o,14596537024
1978,zhujuan@qiangkong.cn,2878373Y,14594186126
1979,qiuchao@yahoo.com,7912774X,14508400409
1980,guiying64@suqin.cn,7192826t,13645236106
1981,dlin@wuzhao.cn,9545677H,18224192246
1982,ming16@hotmail.com,5824891P,14558920933
1983,uguo@yahoo.com,7219904t,14590076947
1984,tanjing@yahoo.com,1684540T,13366586087
1985,hanqiang@hotmail.com,9858053v,18500761449
1986,ping91@yahoo.com,6545942F,13372056210
1987,kluo@ming.cn,8106352O,13236171523
1988,fang96@gmail.com,6869420i,18930535422
1989,wluo@taofu.net,1257708z,18802926100
1990,yaoli@hotmail.com,7525511u,18850921624
1991,jiachao@yahoo.com,1041771S,15224439069
1992,qiang76@yongzeng.cn,7468262h,18279694047
1993,whao@gmail.com,6773772t,15250663917
1994,shenxiulan@zhang.cn,4426135R,13240027450
1995,pingjia@panxue.cn,6229346Y,13277703734
1996,zliang@deng.cn,1260036V,18042647646
1997,swen@87.cn,9187179G,18565941666
1998,cfu@ve.cn,2682643F,15199469878
1999,txiang@tw.cn,4679870q,13817995018
